location,chamber,surface_type,trigger,current_copy,defect,replacement,status,verification_result
macos/Sources/Atrium/App/AtriumApp.swift,user,startup error,local store initialization fails,error.localizedDescription,Raw database or framework detail could appear at startup.,"Atrium could not open its local data. Quit Atrium, then open it again.",verified,Replacement present in source; warnings-as-errors suite passed. Default Home and Ask insufficient-evidence states were inspected in the native app where applicable.
macos/Sources/Atrium/App/AtriumApp.swift:110,user,native application,rendered or emitted by the containing control or operation,Finish the active recording or transcription before updating.,None after audit.,Finish the active recording or transcription before updating.,blocked_runtime_not_exercised,Source inventoried and compiled; this exact runtime state was not exercised.
macos/Sources/Atrium/App/AtriumApp.swift:115,user,native application,rendered or emitted by the containing control or operation,Finish dictation before updating.,None after audit.,Finish dictation before updating.,blocked_runtime_not_exercised,Source inventoried and compiled; this exact runtime state was not exercised.
macos/Sources/Atrium/App/AtriumApp.swift:118,user,native application,rendered or emitted by the containing control or operation,Finish the active meeting task before updating.,None after audit.,Finish the active meeting task before updating.,blocked_runtime_not_exercised,Source inventoried and compiled; this exact runtime state was not exercised.
macos/Sources/Atrium/App/AtriumApp.swift:129,user,native application,rendered or emitted by the containing control or operation,Open Atrium,None after audit.,Open Atrium,blocked_runtime_not_exercised,Source inventoried and compiled; this exact runtime state was not exercised.
macos/Sources/Atrium/App/AtriumApp.swift:137,user,native application,rendered or emitted by the containing control or operation,Stop Recording,None after audit.,Stop Recording,blocked_runtime_not_exercised,Source inventoried and compiled; this exact runtime state was not exercised.
macos/Sources/Atrium/App/AtriumApp.swift:139,user,native application,rendered or emitted by the containing control or operation,Transcribing…,None after audit.,Transcribing…,blocked_runtime_not_exercised,Source inventoried and compiled; this exact runtime state was not exercised.
macos/Sources/Atrium/App/AtriumApp.swift:141,user,native application,rendered or emitted by the containing control or operation,Start Recording,None after audit.,Start Recording,blocked_runtime_not_exercised,Source inventoried and compiled; this exact runtime state was not exercised.
macos/Sources/Atrium/App/AtriumApp.swift:143,user,native application,rendered or emitted by the containing control or operation,Ask Atrium,None after audit.,Ask Atrium,blocked_runtime_not_exercised,Source inventoried and compiled; this exact runtime state was not exercised.
macos/Sources/Atrium/App/AtriumApp.swift:150,user,native application,rendered or emitted by the containing control or operation,Quit Atrium,None after audit.,Quit Atrium,blocked_runtime_not_exercised,Source inventoried and compiled; this exact runtime state was not exercised.
macos/Sources/Atrium/App/AtriumApp.swift:24,user,native application,rendered or emitted by the containing control or operation,"Atrium could not open its local data. Quit Atrium, then open it again.",None after audit.,"Atrium could not open its local data. Quit Atrium, then open it again.",blocked_runtime_not_exercised,Source inventoried and compiled; this exact runtime state was not exercised.
macos/Sources/Atrium/App/AtriumApp.swift:42,user,native application,rendered or emitted by the containing control or operation,Atrium could not open,None after audit.,Atrium could not open,blocked_runtime_not_exercised,Source inventoried and compiled; this exact runtime state was not exercised.
macos/Sources/Atrium/App/AtriumApp.swift:46,user,native application,rendered or emitted by the containing control or operation,"Atrium could not open its local data. Quit Atrium, then open it again.",None after audit.,"Atrium could not open its local data. Quit Atrium, then open it again.",blocked_runtime_not_exercised,Source inventoried and compiled; this exact runtime state was not exercised.
macos/Sources/Atrium/App/AtriumApp.swift:63,user,native application,rendered or emitted by the containing control or operation,New Meeting,None after audit.,New Meeting,blocked_runtime_not_exercised,Source inventoried and compiled; this exact runtime state was not exercised.
macos/Sources/Atrium/App/AtriumApp.swift:68,user,native application,rendered or emitted by the containing control or operation,Ask Atrium,None after audit.,Ask Atrium,blocked_runtime_not_exercised,Source inventoried and compiled; this exact runtime state was not exercised.
macos/Sources/Atrium/App/AtriumApp.swift:74,user,native application,rendered or emitted by the containing control or operation,Search Everything,None after audit.,Search Everything,blocked_runtime_not_exercised,Source inventoried and compiled; this exact runtime state was not exercised.
macos/Sources/Atrium/App/AtriumApp.swift:79,user,native application,rendered or emitted by the containing control or operation,Company Today,None after audit.,Company Today,blocked_runtime_not_exercised,Source inventoried and compiled; this exact runtime state was not exercised.
macos/Sources/Atrium/App/AtriumApp.swift:87,user,native application,rendered or emitted by the containing control or operation,Shared Context,None after audit.,Shared Context,blocked_runtime_not_exercised,Source inventoried and compiled; this exact runtime state was not exercised.
macos/Sources/Atrium/Support/UpdaterService.swift,user,update status,check or install update,authenticated GitHub CLI | Checking GitHub Releases | Schramm2/notive | disk image | Atrium.app,Update implementation and repository details leaked into user copy.,Plain update status with an internet or retry next step,verified,Replacement present in source; warnings-as-errors suite passed. Default Home and Ask insufficient-evidence states were inspected in the native app where applicable.
macos/Sources/Atrium/Support/UpdaterService.swift:107-149,developer,diagnostic log or stream,update check or installation,Structured update_check start/success/failure and update_install failure,Install success terminates the process before a durable success event is currently recorded.,"Record install success before relaunch, with current and target versions.",blocked_relaunch_event_not_captured,Source and real command behavior inspected; listed blocker prevents full output verification.
macos/Sources/Atrium/Support/UpdaterService.swift:112,user,native application,rendered or emitted by the containing control or operation,current_version=\(currentVersion),None after audit.,current_version=\(currentVersion),blocked_runtime_not_exercised,Source inventoried and compiled; this exact runtime state was not exercised.
macos/Sources/Atrium/Support/UpdaterService.swift:127,user,native application,rendered or emitted by the containing control or operation,update_available=true target_version=\(version),None after audit.,update_available=true target_version=\(version),blocked_runtime_not_exercised,Source inventoried and compiled; this exact runtime state was not exercised.
macos/Sources/Atrium/Support/UpdaterService.swift:131,user,native application,rendered or emitted by the containing control or operation,Atrium could not check for updates. Check your internet connection and try again.,None after audit.,Atrium could not check for updates. Check your internet connection and try again.,blocked_runtime_not_exercised,Source inventoried and compiled; this exact runtime state was not exercised.
macos/Sources/Atrium/Support/UpdaterService.swift:143,user,native application,rendered or emitted by the containing control or operation,Downloading Atrium \(version)…,None after audit.,Downloading Atrium \(version)…,blocked_runtime_not_exercised,Source inventoried and compiled; this exact runtime state was not exercised.
macos/Sources/Atrium/Support/UpdaterService.swift:149,user,native application,rendered or emitted by the containing control or operation,Relaunching Atrium \(version)…,None after audit.,Relaunching Atrium \(version)…,blocked_runtime_not_exercised,Source inventoried and compiled; this exact runtime state was not exercised.
macos/Sources/Atrium/Support/UpdaterService.swift:155,user,native application,rendered or emitted by the containing control or operation,target_version=\(version),None after audit.,target_version=\(version),blocked_runtime_not_exercised,Source inventoried and compiled; this exact runtime state was not exercised.
macos/Sources/Atrium/Support/UpdaterService.swift:166,user,native application,rendered or emitted by the containing control or operation,/bin/sh,None after audit.,/bin/sh,blocked_runtime_not_exercised,Source inventoried and compiled; this exact runtime state was not exercised.
macos/Sources/Atrium/Support/UpdaterService.swift:167,user,native application,rendered or emitted by the containing control or operation,sleep 1; open '/Applications/Atrium.app',None after audit.,sleep 1; open '/Applications/Atrium.app',blocked_runtime_not_exercised,Source inventoried and compiled; this exact runtime state was not exercised.
macos/Sources/Atrium/Support/UpdaterService.swift:174,user,native application,rendered or emitted by the containing control or operation,The update stopped. Atrium is still on the current version. Try again later.,None after audit.,The update stopped. Atrium is still on the current version. Try again later.,blocked_runtime_not_exercised,Source inventoried and compiled; this exact runtime state was not exercised.
macos/Sources/Atrium/Support/UpdaterService.swift:178,user,native application,rendered or emitted by the containing control or operation,Atrium cannot use this update. Try again later.,None after audit.,Atrium cannot use this update. Try again later.,blocked_runtime_not_exercised,Source inventoried and compiled; this exact runtime state was not exercised.
macos/Sources/Atrium/Support/UpdaterService.swift:180,user,native application,rendered or emitted by the containing control or operation,The update could not download. Check your internet connection and try again.,None after audit.,The update could not download. Check your internet connection and try again.,blocked_runtime_not_exercised,Source inventoried and compiled; this exact runtime state was not exercised.
macos/Sources/Atrium/Support/UpdaterService.swift:182,user,native application,rendered or emitted by the containing control or operation,Atrium could not open the downloaded update. Try again.,None after audit.,Atrium could not open the downloaded update. Try again.,blocked_runtime_not_exercised,Source inventoried and compiled; this exact runtime state was not exercised.
macos/Sources/Atrium/Support/UpdaterService.swift:184,user,native application,rendered or emitted by the containing control or operation,This update is incomplete and cannot be installed. Try again later.,None after audit.,This update is incomplete and cannot be installed. Try again later.,blocked_runtime_not_exercised,Source inventoried and compiled; this exact runtime state was not exercised.
macos/Sources/Atrium/Support/UpdaterService.swift:186,user,native application,rendered or emitted by the containing control or operation,"Atrium could not install the update. Your current version is unchanged. Quit other copies of Atrium, then try again.",None after audit.,"Atrium could not install the update. Your current version is unchanged. Quit other copies of Atrium, then try again.",blocked_runtime_not_exercised,Source inventoried and compiled; this exact runtime state was not exercised.
macos/Sources/Atrium/Support/UpdaterService.swift:194,user,native application,rendered or emitted by the containing control or operation,The update service returned an unknown status.,None after audit.,The update service returned an unknown status.,blocked_runtime_not_exercised,Source inventoried and compiled; this exact runtime state was not exercised.
macos/Sources/Atrium/Support/UpdaterService.swift:58,user,native application,rendered or emitted by the containing control or operation,Checking for updates…,None after audit.,Checking for updates…,blocked_runtime_not_exercised,Source inventoried and compiled; this exact runtime state was not exercised.
macos/Sources/Atrium/Support/UpdaterService.swift:62,user,native application,rendered or emitted by the containing control or operation,Installing update…,None after audit.,Installing update…,blocked_runtime_not_exercised,Source inventoried and compiled; this exact runtime state was not exercised.
macos/Sources/Atrium/Support/UpdaterService.swift:66,user,native application,rendered or emitted by the containing control or operation,Check for updates…,None after audit.,Check for updates…,blocked_runtime_not_exercised,Source inventoried and compiled; this exact runtime state was not exercised.
macos/Sources/Atrium/Support/UpdaterService.swift:84,user,native application,rendered or emitted by the containing control or operation,Atrium checks for updates automatically when enabled.,None after audit.,Atrium checks for updates automatically when enabled.,blocked_runtime_not_exercised,Source inventoried and compiled; this exact runtime state was not exercised.
macos/Sources/Atrium/Support/UpdaterService.swift:85,user,native application,rendered or emitted by the containing control or operation,Checking for updates…,None after audit.,Checking for updates…,blocked_runtime_not_exercised,Source inventoried and compiled; this exact runtime state was not exercised.
macos/Sources/Atrium/Support/UpdaterService.swift:86,user,native application,rendered or emitted by the containing control or operation,Atrium \(currentVersion) is up to date.,None after audit.,Atrium \(currentVersion) is up to date.,blocked_runtime_not_exercised,Source inventoried and compiled; this exact runtime state was not exercised.
macos/Sources/Atrium/Support/UpdaterService.swift:87,user,native application,rendered or emitted by the containing control or operation,Atrium version \(version) is available.,None after audit.,Atrium version \(version) is available.,blocked_runtime_not_exercised,Source inventoried and compiled; this exact runtime state was not exercised.
macos/Sources/Atrium/Views/AskView.swift,user,Ask interface,Ask view and result states,Find answers grounded in cited meeting transcript evidence. | Local retrieval | evidence.id | answer.provider · answer.model,Technical terms and internal identifiers crossed into the narrative chamber.,"Find answers from your meeting transcripts, with citations. | Searches this Mac | no internal ID or provider/model attribution",verified,Replacement present in source; warnings-as-errors suite passed. Default Home and Ask insufficient-evidence states were inspected in the native app where applicable.
macos/Sources/Atrium/Views/AskView.swift,user,Ask empty and progress states,Ask search has no result or is active,No supporting evidence | Generating an evidence-bound answer,Technical language did not give the clearest next step.,Not enough information found | Writing an answer from your transcripts…,verified,Replacement present in source; warnings-as-errors suite passed. Default Home and Ask insufficient-evidence states were inspected in the native app where applicable.
macos/Sources/Atrium/Views/AskView.swift:109,user,native application,rendered or emitted by the containing control or operation,Ask across your meeting history,None after audit.,Ask across your meeting history,verified,Observed in the rebuilt native Ask idle or insufficient-evidence state and compiled by the full test suite.
macos/Sources/Atrium/Views/AskView.swift:111,user,native application,rendered or emitted by the containing control or operation,Atrium searches your transcripts and cites the source for each part of the answer.,None after audit.,Atrium searches your transcripts and cites the source for each part of the answer.,verified,Observed in the rebuilt native Ask idle or insufficient-evidence state and compiled by the full test suite.
macos/Sources/Atrium/Views/AskView.swift:116,user,native application,rendered or emitted by the containing control or operation,Searching your transcripts…,None after audit.,Searching your transcripts…,blocked_runtime_not_exercised,Source inventoried and compiled; this exact runtime state was not exercised.
macos/Sources/Atrium/Views/AskView.swift:121,user,native application,rendered or emitted by the containing control or operation,Leaves this Mac,None after audit.,Leaves this Mac,blocked_runtime_not_exercised,Source inventoried and compiled; this exact runtime state was not exercised.
macos/Sources/Atrium/Views/AskView.swift:127,user,native application,rendered or emitted by the containing control or operation,Your question and the selected transcript excerpts will leave this Mac. Atrium will remember your choice until you quit the app.,None after audit.,Your question and the selected transcript excerpts will leave this Mac. Atrium will remember your choice until you quit the app.,blocked_runtime_not_exercised,Source inventoried and compiled; this exact runtime state was not exercised.
macos/Sources/Atrium/Views/AskView.swift:131,user,native application,rendered or emitted by the containing control or operation,Send and Answer,None after audit.,Send and Answer,blocked_runtime_not_exercised,Source inventoried and compiled; this exact runtime state was not exercised.
macos/Sources/Atrium/Views/AskView.swift:141,user,native application,rendered or emitted by the containing control or operation,Not enough information found,None after audit.,Not enough information found,verified,Observed in the rebuilt native Ask idle or insufficient-evidence state and compiled by the full test suite.
macos/Sources/Atrium/Views/AskView.swift:148,user,native application,rendered or emitted by the containing control or operation,Writing an answer from your transcripts…,None after audit.,Writing an answer from your transcripts…,blocked_runtime_not_exercised,Source inventoried and compiled; this exact runtime state was not exercised.
macos/Sources/Atrium/Views/AskView.swift:152,user,native application,rendered or emitted by the containing control or operation,Atrium could not answer,None after audit.,Atrium could not answer,blocked_runtime_not_exercised,Source inventoried and compiled; this exact runtime state was not exercised.
macos/Sources/Atrium/Views/AskView.swift:19,user,native application,rendered or emitted by the containing control or operation,Ask Atrium,None after audit.,Ask Atrium,verified,Observed in the rebuilt native Ask idle or insufficient-evidence state and compiled by the full test suite.
macos/Sources/Atrium/Views/AskView.swift:20,user,native application,rendered or emitted by the containing control or operation,"Find answers from your meeting transcripts, with citations.",None after audit.,"Find answers from your meeting transcripts, with citations.",verified,Observed in the rebuilt native Ask idle or insufficient-evidence state and compiled by the full test suite.
macos/Sources/Atrium/Views/AskView.swift:208,user,native application,rendered or emitted by the containing control or operation,All meetings,None after audit.,All meetings,verified,Observed in the rebuilt native Ask idle or insufficient-evidence state and compiled by the full test suite.
macos/Sources/Atrium/Views/AskView.swift:209,user,native application,rendered or emitted by the containing control or operation,) selected,None after audit.,) selected,blocked_runtime_not_exercised,Source inventoried and compiled; this exact runtime state was not exercised.
macos/Sources/Atrium/Views/AskView.swift:23,user,native application,rendered or emitted by the containing control or operation,Searches this Mac,None after audit.,Searches this Mac,verified,Observed in the rebuilt native Ask idle or insufficient-evidence state and compiled by the full test suite.
macos/Sources/Atrium/Views/AskView.swift:235,user,native application,rendered or emitted by the containing control or operation,Open citation,None after audit.,Open citation,blocked_runtime_not_exercised,Source inventoried and compiled; this exact runtime state was not exercised.
macos/Sources/Atrium/Views/AskView.swift:260,user,native application,rendered or emitted by the containing control or operation,\(citation.meetingTitle) · \(citation.timestamp),None after audit.,\(citation.meetingTitle) · \(citation.timestamp),blocked_runtime_not_exercised,Source inventoried and compiled; this exact runtime state was not exercised.
macos/Sources/Atrium/Views/AskView.swift:38,user,native application,rendered or emitted by the containing control or operation,Ask Atrium,None after audit.,Ask Atrium,verified,Observed in the rebuilt native Ask idle or insufficient-evidence state and compiled by the full test suite.
macos/Sources/Atrium/Views/AskView.swift:59,user,native application,rendered or emitted by the containing control or operation,All meetings,None after audit.,All meetings,verified,Observed in the rebuilt native Ask idle or insufficient-evidence state and compiled by the full test suite.
macos/Sources/Atrium/Views/AskView.swift:80,user,native application,rendered or emitted by the containing control or operation,Limit by date,None after audit.,Limit by date,verified,Observed in the rebuilt native Ask idle or insufficient-evidence state and compiled by the full test suite.
macos/Sources/Atrium/Views/AskView.swift:90,user,native application,rendered or emitted by the containing control or operation,Ask Atrium,None after audit.,Ask Atrium,verified,Observed in the rebuilt native Ask idle or insufficient-evidence state and compiled by the full test suite.
macos/Sources/Atrium/Views/BrandStyle.swift:102,user,native application,rendered or emitted by the containing control or operation,Dark · Midnight,None after audit.,Dark · Midnight,blocked_runtime_not_exercised,Source inventoried and compiled; this exact runtime state was not exercised.
macos/Sources/Atrium/Views/BrandStyle.swift:103,user,native application,rendered or emitted by the containing control or operation,Light + Dark,None after audit.,Light + Dark,blocked_runtime_not_exercised,Source inventoried and compiled; this exact runtime state was not exercised.
macos/Sources/Atrium/Views/BrandStyle.swift:104,user,native application,rendered or emitted by the containing control or operation,Dark · Purple,None after audit.,Dark · Purple,blocked_runtime_not_exercised,Source inventoried and compiled; this exact runtime state was not exercised.
macos/Sources/Atrium/Views/CompanyHub/ActivityRow.swift:19,user,native application,rendered or emitted by the containing control or operation,\(headline),None after audit.,\(headline),blocked_runtime_not_exercised,Source inventoried and compiled; this exact runtime state was not exercised.
macos/Sources/Atrium/Views/CompanyHub/ActivityRow.swift:51,user,native application,rendered or emitted by the containing control or operation, \(event.what),None after audit., \(event.what),blocked_runtime_not_exercised,Source inventoried and compiled; this exact runtime state was not exercised.
macos/Sources/Atrium/Views/CompanyHub/ActivityRow.swift:52,user,native application,rendered or emitted by the containing control or operation,\(who)\(what),None after audit.,\(who)\(what),blocked_runtime_not_exercised,Source inventoried and compiled; this exact runtime state was not exercised.
macos/Sources/Atrium/Views/CompanyHub/ActivityView.swift:14,user,native application,rendered or emitted by the containing control or operation,"Everything that happened in the shared workspace, newest first.",None after audit.,"Everything that happened in the shared workspace, newest first.",blocked_runtime_not_exercised,Source inventoried and compiled; this exact runtime state was not exercised.
macos/Sources/Atrium/Views/CompanyHub/ActivityView.swift:16,user,native application,rendered or emitted by the containing control or operation,Mark all read,None after audit.,Mark all read,blocked_runtime_not_exercised,Source inventoried and compiled; this exact runtime state was not exercised.
macos/Sources/Atrium/Views/CompanyHub/ActivityView.swift:24,user,native application,rendered or emitted by the containing control or operation,No activity,None after audit.,No activity,blocked_runtime_not_exercised,Source inventoried and compiled; this exact runtime state was not exercised.
macos/Sources/Atrium/Views/CompanyHub/ActivityView.swift:26,user,native application,rendered or emitted by the containing control or operation,"Shares, agent runs, and comments from the shared workspace appear here, newest first.",None after audit.,"Shares, agent runs, and comments from the shared workspace appear here, newest first.",blocked_runtime_not_exercised,Source inventoried and compiled; this exact runtime state was not exercised.
macos/Sources/Atrium/Views/CompanyHub/AgentChatBubble.swift:14,user,native application,rendered or emitted by the containing control or operation,"\(message.author) · \(message.sentAt, format: .dateTime.hour().minute())",None after audit.,"\(message.author) · \(message.sentAt, format: .dateTime.hour().minute())",blocked_runtime_not_exercised,Source inventoried and compiled; this exact runtime state was not exercised.
macos/Sources/Atrium/Views/CompanyHub/AgentRosterCard.swift:35,user,native application,rendered or emitted by the containing control or operation,\(agent.runsToday) runs today,None after audit.,\(agent.runsToday) runs today,blocked_runtime_not_exercised,Source inventoried and compiled; this exact runtime state was not exercised.
macos/Sources/Atrium/Views/CompanyHub/AgentRosterCard.swift:37,user,native application,rendered or emitted by the containing control or operation,"Last run \(lastRun, format: .relative(presentation: .numeric))",None after audit.,"Last run \(lastRun, format: .relative(presentation: .numeric))",blocked_runtime_not_exercised,Source inventoried and compiled; this exact runtime state was not exercised.
macos/Sources/Atrium/Views/CompanyHub/AgentThread.swift:33,user,native application,rendered or emitted by the containing control or operation,\(agent.role) · visible to the whole company,None after audit.,\(agent.role) · visible to the whole company,blocked_runtime_not_exercised,Source inventoried and compiled; this exact runtime state was not exercised.
macos/Sources/Atrium/Views/CompanyHub/AgentThread.swift:48,user,native application,rendered or emitted by the containing control or operation,No messages,None after audit.,No messages,blocked_runtime_not_exercised,Source inventoried and compiled; this exact runtime state was not exercised.
macos/Sources/Atrium/Views/CompanyHub/AgentThread.swift:50,user,native application,rendered or emitted by the containing control or operation,Messages to \(agent.name) are visible to the whole company.,None after audit.,Messages to \(agent.name) are visible to the whole company.,blocked_runtime_not_exercised,Source inventoried and compiled; this exact runtime state was not exercised.
macos/Sources/Atrium/Views/CompanyHub/AgentThread.swift:70,user,native application,rendered or emitted by the containing control or operation,Message \(agent.name),None after audit.,Message \(agent.name),blocked_runtime_not_exercised,Source inventoried and compiled; this exact runtime state was not exercised.
macos/Sources/Atrium/Views/CompanyHub/AgentThread.swift:72,user,native application,rendered or emitted by the containing control or operation,Message \(agent.name) — the whole team can see this thread,None after audit.,Message \(agent.name) — the whole team can see this thread,blocked_runtime_not_exercised,Source inventoried and compiled; this exact runtime state was not exercised.
macos/Sources/Atrium/Views/CompanyHub/AgentThread.swift:90,user,native application,rendered or emitted by the containing control or operation,Connect the Company Hub to message agents.,None after audit.,Connect the Company Hub to message agents.,blocked_runtime_not_exercised,Source inventoried and compiled; this exact runtime state was not exercised.
macos/Sources/Atrium/Views/CompanyHub/AgentsView.swift:15,user,native application,rendered or emitted by the containing control or operation,No agents,None after audit.,No agents,blocked_runtime_not_exercised,Source inventoried and compiled; this exact runtime state was not exercised.
macos/Sources/Atrium/Views/CompanyHub/AgentsView.swift:17,user,native application,rendered or emitted by the containing control or operation,"Company agents, their runs, and their company-visible chat threads appear here.",None after audit.,"Company agents, their runs, and their company-visible chat threads appear here.",blocked_runtime_not_exercised,Source inventoried and compiled; this exact runtime state was not exercised.
macos/Sources/Atrium/Views/CompanyHub/AgentsView.swift:53,user,native application,rendered or emitted by the containing control or operation,"Company agents work alongside the team. Chat with them, watch their runs, and review their output.",None after audit.,"Company agents work alongside the team. Chat with them, watch their runs, and review their output.",blocked_runtime_not_exercised,Source inventoried and compiled; this exact runtime state was not exercised.
macos/Sources/Atrium/Views/CompanyHub/AgentsView.swift:64,user,native application,rendered or emitted by the containing control or operation,Not connected,None after audit.,Not connected,blocked_runtime_not_exercised,Source inventoried and compiled; this exact runtime state was not exercised.
macos/Sources/Atrium/Views/CompanyHub/AgentsView.swift:65,user,native application,rendered or emitted by the containing control or operation,\(hub.agents.count) agents · \(hub.runningAgentCount) running,None after audit.,\(hub.agents.count) agents · \(hub.runningAgentCount) running,blocked_runtime_not_exercised,Source inventoried and compiled; this exact runtime state was not exercised.
macos/Sources/Atrium/Views/CompanyHub/CompanyAgentColumn.swift:4,user,native application,rendered or emitted by the containing control or operation,Shared today,None after audit.,Shared today,blocked_runtime_not_exercised,Source inventoried and compiled; this exact runtime state was not exercised.
macos/Sources/Atrium/Views/CompanyHub/CompanyAgentPanel.swift:14,user,native application,rendered or emitted by the containing control or operation,Open Agents,None after audit.,Open Agents,blocked_runtime_not_exercised,Source inventoried and compiled; this exact runtime state was not exercised.
macos/Sources/Atrium/Views/CompanyHub/CompanyAgentPanel.swift:21,user,native application,rendered or emitted by the containing control or operation,No agents,None after audit.,No agents,blocked_runtime_not_exercised,Source inventoried and compiled; this exact runtime state was not exercised.
macos/Sources/Atrium/Views/CompanyHub/CompanyAgentPanel.swift:23,user,native application,rendered or emitted by the containing control or operation,Company agents and their current work appear here.,None after audit.,Company agents and their current work appear here.,blocked_runtime_not_exercised,Source inventoried and compiled; this exact runtime state was not exercised.
macos/Sources/Atrium/Views/CompanyHub/CompanyDashboardView.swift:14,user,native application,rendered or emitted by the containing control or operation,Company today,None after audit.,Company today,blocked_runtime_not_exercised,Source inventoried and compiled; this exact runtime state was not exercised.
macos/Sources/Atrium/Views/CompanyHub/CompanyDashboardView.swift:15,user,native application,rendered or emitted by the containing control or operation,"What Ubundi and First Motive shared, decided, and ran — across people and agents.",None after audit.,"What Ubundi and First Motive shared, decided, and ran — across people and agents.",blocked_runtime_not_exercised,Source inventoried and compiled; this exact runtime state was not exercised.
macos/Sources/Atrium/Views/CompanyHub/CompanyDashboardView.swift:18,user,native application,rendered or emitted by the containing control or operation,Not connected,None after audit.,Not connected,blocked_runtime_not_exercised,Source inventoried and compiled; this exact runtime state was not exercised.
macos/Sources/Atrium/Views/CompanyHub/CompanyDashboardView.swift:18,user,native application,rendered or emitted by the containing control or operation,Shared workspace,None after audit.,Shared workspace,blocked_runtime_not_exercised,Source inventoried and compiled; this exact runtime state was not exercised.
macos/Sources/Atrium/Views/CompanyHub/CompanyDashboardView.swift:26,user,native application,rendered or emitted by the containing control or operation,No company activity yet,None after audit.,No company activity yet,blocked_runtime_not_exercised,Source inventoried and compiled; this exact runtime state was not exercised.
macos/Sources/Atrium/Views/CompanyHub/CompanyDashboardView.swift:28,user,native application,rendered or emitted by the containing control or operation,"Shared meetings, agent runs, and open action items across both companies appear here.",None after audit.,"Shared meetings, agent runs, and open action items across both companies appear here.",blocked_runtime_not_exercised,Source inventoried and compiled; this exact runtime state was not exercised.
macos/Sources/Atrium/Views/CompanyHub/CompanyDashboardView.swift:48,user,native application,rendered or emitted by the containing control or operation,Only meetings and notes their owners chose to share appear here. Everything else stays on each person's Mac.,None after audit.,Only meetings and notes their owners chose to share appear here. Everything else stays on each person's Mac.,blocked_runtime_not_exercised,Source inventoried and compiled; this exact runtime state was not exercised.
macos/Sources/Atrium/Views/CompanyHub/Components/HubEmptyState.swift:37,user,native application,rendered or emitted by the containing control or operation,"\(appears) The Company Hub is not connected, so nothing is shared yet.",None after audit.,"\(appears) The Company Hub is not connected, so nothing is shared yet.",blocked_runtime_not_exercised,Source inventoried and compiled; this exact runtime state was not exercised.
macos/Sources/Atrium/Views/CompanyHub/Components/HubStatusDot.swift:18,user,native application,rendered or emitted by the containing control or operation,Status: \(title),None after audit.,Status: \(title),blocked_runtime_not_exercised,Source inventoried and compiled; this exact runtime state was not exercised.
macos/Sources/Atrium/Views/CompanyHub/LatestActivityPanel.swift:14,user,native application,rendered or emitted by the containing control or operation,Latest activity,None after audit.,Latest activity,blocked_runtime_not_exercised,Source inventoried and compiled; this exact runtime state was not exercised.
macos/Sources/Atrium/Views/CompanyHub/LatestActivityPanel.swift:20,user,native application,rendered or emitted by the containing control or operation,Shared workspace activity appears here.,None after audit.,Shared workspace activity appears here.,blocked_runtime_not_exercised,Source inventoried and compiled; this exact runtime state was not exercised.
macos/Sources/Atrium/Views/CompanyHub/LatestActivityPanel.swift:30,user,native application,rendered or emitted by the containing control or operation,\(line(for: event)),None after audit.,\(line(for: event)),blocked_runtime_not_exercised,Source inventoried and compiled; this exact runtime state was not exercised.
macos/Sources/Atrium/Views/CompanyHub/LatestActivityPanel.swift:39,user,native application,rendered or emitted by the containing control or operation,All activity,None after audit.,All activity,blocked_runtime_not_exercised,Source inventoried and compiled; this exact runtime state was not exercised.
macos/Sources/Atrium/Views/CompanyHub/LatestActivityPanel.swift:48,user,native application,rendered or emitted by the containing control or operation, \(event.what) · ,None after audit., \(event.what) · ,blocked_runtime_not_exercised,Source inventoried and compiled; this exact runtime state was not exercised.
macos/Sources/Atrium/Views/CompanyHub/LatestActivityPanel.swift:51,user,native application,rendered or emitted by the containing control or operation,\(who)\(what)\(when),None after audit.,\(who)\(what)\(when),blocked_runtime_not_exercised,Source inventoried and compiled; this exact runtime state was not exercised.
macos/Sources/Atrium/Views/CompanyHub/PeopleView.swift:16,user,native application,rendered or emitted by the containing control or operation,"Everyone across Ubundi and First Motive, with what they work on now.",None after audit.,"Everyone across Ubundi and First Motive, with what they work on now.",blocked_runtime_not_exercised,Source inventoried and compiled; this exact runtime state was not exercised.
macos/Sources/Atrium/Views/CompanyHub/PeopleView.swift:25,user,native application,rendered or emitted by the containing control or operation,No people,None after audit.,No people,blocked_runtime_not_exercised,Source inventoried and compiled; this exact runtime state was not exercised.
macos/Sources/Atrium/Views/CompanyHub/PeopleView.swift:27,user,native application,rendered or emitted by the containing control or operation,"Everyone in the shared workspace, their role, and their current focus appear here.",None after audit.,"Everyone in the shared workspace, their role, and their current focus appear here.",blocked_runtime_not_exercised,Source inventoried and compiled; this exact runtime state was not exercised.
macos/Sources/Atrium/Views/CompanyHub/PeopleView.swift:44,user,native application,rendered or emitted by the containing control or operation,Not connected,None after audit.,Not connected,blocked_runtime_not_exercised,Source inventoried and compiled; this exact runtime state was not exercised.
macos/Sources/Atrium/Views/CompanyHub/PeopleView.swift:46,user,native application,rendered or emitted by the containing control or operation,\(hub.people.count - agents) people · \(agents) agents,None after audit.,\(hub.people.count - agents) people · \(agents) agents,blocked_runtime_not_exercised,Source inventoried and compiled; this exact runtime state was not exercised.
macos/Sources/Atrium/Views/CompanyHub/PeopleView.swift:52,user,native application,rendered or emitted by the containing control or operation,Focus this week,None after audit.,Focus this week,blocked_runtime_not_exercised,Source inventoried and compiled; this exact runtime state was not exercised.
macos/Sources/Atrium/Views/CompanyHub/SearchEverythingView.swift:18,user,native application,rendered or emitted by the containing control or operation,Search everything,None after audit.,Search everything,blocked_runtime_not_exercised,Source inventoried and compiled; this exact runtime state was not exercised.
macos/Sources/Atrium/Views/CompanyHub/SearchEverythingView.swift:19,user,native application,rendered or emitted by the containing control or operation,"One search across your meetings, the shared hub, people, and agent runs.",None after audit.,"One search across your meetings, the shared hub, people, and agent runs.",blocked_runtime_not_exercised,Source inventoried and compiled; this exact runtime state was not exercised.
macos/Sources/Atrium/Views/CompanyHub/SearchEverythingView.swift:38,user,native application,rendered or emitted by the containing control or operation,Search covers your local workspace plus items shared to the hub. Nothing local is exposed to others.,None after audit.,Search covers your local workspace plus items shared to the hub. Nothing local is exposed to others.,blocked_runtime_not_exercised,Source inventoried and compiled; this exact runtime state was not exercised.
macos/Sources/Atrium/Views/CompanyHub/SearchEverythingView.swift:51,user,native application,rendered or emitted by the containing control or operation,No results,None after audit.,No results,blocked_runtime_not_exercised,Source inventoried and compiled; this exact runtime state was not exercised.
macos/Sources/Atrium/Views/CompanyHub/SearchEverythingView.swift:51,user,native application,rendered or emitted by the containing control or operation,Search the workspace and the hub,None after audit.,Search the workspace and the hub,blocked_runtime_not_exercised,Source inventoried and compiled; this exact runtime state was not exercised.
macos/Sources/Atrium/Views/CompanyHub/SearchEverythingView.swift:56,user,native application,rendered or emitted by the containing control or operation,"Type a question or a phrase. Results group by meetings, shared context, people, and agent runs.",None after audit.,"Type a question or a phrase. Results group by meetings, shared context, people, and agent runs.",blocked_runtime_not_exercised,Source inventoried and compiled; this exact runtime state was not exercised.
macos/Sources/Atrium/Views/CompanyHub/SearchEverythingView.swift:58,user,native application,rendered or emitted by the containing control or operation,"Nothing matched. The Company Hub is not connected, so only your local workspace can match.",None after audit.,"Nothing matched. The Company Hub is not connected, so only your local workspace can match.",blocked_runtime_not_exercised,Source inventoried and compiled; this exact runtime state was not exercised.
macos/Sources/Atrium/Views/CompanyHub/SearchEverythingView.swift:66,user,native application,rendered or emitted by the containing control or operation,Search everything,None after audit.,Search everything,blocked_runtime_not_exercised,Source inventoried and compiled; this exact runtime state was not exercised.
macos/Sources/Atrium/Views/CompanyHub/SearchEverythingView.swift:71,user,native application,rendered or emitted by the containing control or operation,⇧⌘K,None after audit.,⇧⌘K,blocked_runtime_not_exercised,Source inventoried and compiled; this exact runtime state was not exercised.
macos/Sources/Atrium/Views/CompanyHub/SearchResultGroup.swift:17,user,native application,rendered or emitted by the containing control or operation,^[\(group.results.count) result](inflect: true),None after audit.,^[\(group.results.count) result](inflect: true),blocked_runtime_not_exercised,Source inventoried and compiled; this exact runtime state was not exercised.
macos/Sources/Atrium/Views/CompanyHub/SharedContextView.swift:17,user,native application,rendered or emitted by the containing control or operation,Shared Context,None after audit.,Shared Context,blocked_runtime_not_exercised,Source inventoried and compiled; this exact runtime state was not exercised.
macos/Sources/Atrium/Views/CompanyHub/SharedContextView.swift:18,user,native application,rendered or emitted by the containing control or operation,"Meetings, notes, and agent output the team chose to share — the company's working memory.",None after audit.,"Meetings, notes, and agent output the team chose to share — the company's working memory.",blocked_runtime_not_exercised,Source inventoried and compiled; this exact runtime state was not exercised.
macos/Sources/Atrium/Views/CompanyHub/SharedContextView.swift:20,user,native application,rendered or emitted by the containing control or operation,Share from my workspace,None after audit.,Share from my workspace,blocked_runtime_not_exercised,Source inventoried and compiled; this exact runtime state was not exercised.
macos/Sources/Atrium/Views/CompanyHub/SharedContextView.swift:24,user,native application,rendered or emitted by the containing control or operation,Connect the Company Hub to share items.,None after audit.,Connect the Company Hub to share items.,blocked_runtime_not_exercised,Source inventoried and compiled; this exact runtime state was not exercised.
macos/Sources/Atrium/Views/CompanyHub/SharedContextView.swift:31,user,native application,rendered or emitted by the containing control or operation,Nothing shared,None after audit.,Nothing shared,blocked_runtime_not_exercised,Source inventoried and compiled; this exact runtime state was not exercised.
macos/Sources/Atrium/Views/CompanyHub/SharedContextView.swift:33,user,native application,rendered or emitted by the containing control or operation,"Items the team shares from their own Macs appear here, with who shared them and when.",None after audit.,"Items the team shares from their own Macs appear here, with who shared them and when.",blocked_runtime_not_exercised,Source inventoried and compiled; this exact runtime state was not exercised.
macos/Sources/Atrium/Views/CompanyHub/SharedContextView.swift:41,user,native application,rendered or emitted by the containing control or operation,"Sharing is always a per-item choice by its owner, and can be withdrawn at any time.",None after audit.,"Sharing is always a per-item choice by its owner, and can be withdrawn at any time.",blocked_runtime_not_exercised,Source inventoried and compiled; this exact runtime state was not exercised.
macos/Sources/Atrium/Views/CompanyHub/SharedContextView.swift:49,user,native application,rendered or emitted by the containing control or operation,Shared Context,None after audit.,Shared Context,blocked_runtime_not_exercised,Source inventoried and compiled; this exact runtime state was not exercised.
macos/Sources/Atrium/Views/CompanyHub/SharedContextView.swift:62,user,native application,rendered or emitted by the containing control or operation,Filter shared items,None after audit.,Filter shared items,blocked_runtime_not_exercised,Source inventoried and compiled; this exact runtime state was not exercised.
macos/Sources/Atrium/Views/CompanyHub/SharedContextView.swift:68,user,native application,rendered or emitted by the containing control or operation,Shared by,None after audit.,Shared by,blocked_runtime_not_exercised,Source inventoried and compiled; this exact runtime state was not exercised.
macos/Sources/Atrium/Views/CompanyHub/SharedTodayPanel.swift:11,user,native application,rendered or emitted by the containing control or operation,Shared today,None after audit.,Shared today,blocked_runtime_not_exercised,Source inventoried and compiled; this exact runtime state was not exercised.
macos/Sources/Atrium/Views/CompanyHub/SharedTodayPanel.swift:12,user,native application,rendered or emitted by the containing control or operation,Open Shared Context,None after audit.,Open Shared Context,blocked_runtime_not_exercised,Source inventoried and compiled; this exact runtime state was not exercised.
macos/Sources/Atrium/Views/CompanyHub/SharedTodayPanel.swift:19,user,native application,rendered or emitted by the containing control or operation,Nothing shared today,None after audit.,Nothing shared today,blocked_runtime_not_exercised,Source inventoried and compiled; this exact runtime state was not exercised.
macos/Sources/Atrium/Views/CompanyHub/SharedTodayPanel.swift:21,user,native application,rendered or emitted by the containing control or operation,"Meetings, notes, and agent output the team shares appear here.",None after audit.,"Meetings, notes, and agent output the team shares appear here.",blocked_runtime_not_exercised,Source inventoried and compiled; this exact runtime state was not exercised.
macos/Sources/Atrium/Views/CompanyHub/SharedTodayRow.swift:4,user,native application,rendered or emitted by the containing control or operation,Shared today,None after audit.,Shared today,blocked_runtime_not_exercised,Source inventoried and compiled; this exact runtime state was not exercised.
macos/Sources/Atrium/Views/ContentView.swift:157,user,native application,rendered or emitted by the containing control or operation,Atrium needs attention,None after audit.,Atrium needs attention,blocked_runtime_not_exercised,Source inventoried and compiled; this exact runtime state was not exercised.
macos/Sources/Atrium/Views/DictationView.swift:111,user,native application,rendered or emitted by the containing control or operation,Preparing microphone,None after audit.,Preparing microphone,blocked_runtime_not_exercised,Source inventoried and compiled; this exact runtime state was not exercised.
macos/Sources/Atrium/Views/DictationView.swift:114,user,native application,rendered or emitted by the containing control or operation,Transcribing on this Mac,None after audit.,Transcribing on this Mac,blocked_runtime_not_exercised,Source inventoried and compiled; this exact runtime state was not exercised.
macos/Sources/Atrium/Views/DictationView.swift:126,user,native application,rendered or emitted by the containing control or operation,Selected microphone,None after audit.,Selected microphone,blocked_runtime_not_exercised,Source inventoried and compiled; this exact runtime state was not exercised.
macos/Sources/Atrium/Views/DictationView.swift:126,user,native application,rendered or emitted by the containing control or operation,System default,None after audit.,System default,blocked_runtime_not_exercised,Source inventoried and compiled; this exact runtime state was not exercised.
macos/Sources/Atrium/Views/DictationView.swift:130,user,native application,rendered or emitted by the containing control or operation,On this Mac,None after audit.,On this Mac,blocked_runtime_not_exercised,Source inventoried and compiled; this exact runtime state was not exercised.
macos/Sources/Atrium/Views/DictationView.swift:135,user,native application,rendered or emitted by the containing control or operation,Listening…,None after audit.,Listening…,blocked_runtime_not_exercised,Source inventoried and compiled; this exact runtime state was not exercised.
macos/Sources/Atrium/Views/DictationView.swift:136,user,native application,rendered or emitted by the containing control or operation,Preparing…,None after audit.,Preparing…,blocked_runtime_not_exercised,Source inventoried and compiled; this exact runtime state was not exercised.
macos/Sources/Atrium/Views/DictationView.swift:137,user,native application,rendered or emitted by the containing control or operation,Transcribing…,None after audit.,Transcribing…,blocked_runtime_not_exercised,Source inventoried and compiled; this exact runtime state was not exercised.
macos/Sources/Atrium/Views/DictationView.swift:138,user,native application,rendered or emitted by the containing control or operation,Ready when you are,None after audit.,Ready when you are,blocked_runtime_not_exercised,Source inventoried and compiled; this exact runtime state was not exercised.
macos/Sources/Atrium/Views/DictationView.swift:15,user,native application,rendered or emitted by the containing control or operation,Local Dictation,None after audit.,Local Dictation,blocked_runtime_not_exercised,Source inventoried and compiled; this exact runtime state was not exercised.
macos/Sources/Atrium/Views/DictationView.swift:16,user,native application,rendered or emitted by the containing control or operation,"Speak into any app, transcribe on this Mac, and keep the latest result ready to reuse.",None after audit.,"Speak into any app, transcribe on this Mac, and keep the latest result ready to reuse.",blocked_runtime_not_exercised,Source inventoried and compiled; this exact runtime state was not exercised.
macos/Sources/Atrium/Views/DictationView.swift:19,user,native application,rendered or emitted by the containing control or operation,On-device speech,None after audit.,On-device speech,blocked_runtime_not_exercised,Source inventoried and compiled; this exact runtime state was not exercised.
macos/Sources/Atrium/Views/DictationView.swift:43,user,native application,rendered or emitted by the containing control or operation,Latest result,None after audit.,Latest result,blocked_runtime_not_exercised,Source inventoried and compiled; this exact runtime state was not exercised.
macos/Sources/Atrium/Views/DictationView.swift:54,user,native application,rendered or emitted by the containing control or operation,No dictation yet,None after audit.,No dictation yet,blocked_runtime_not_exercised,Source inventoried and compiled; this exact runtime state was not exercised.
macos/Sources/Atrium/Views/DictationView.swift:56,user,native application,rendered or emitted by the containing control or operation,Use the global shortcut or start dictation above. Your result will appear here.,None after audit.,Use the global shortcut or start dictation above. Your result will appear here.,blocked_runtime_not_exercised,Source inventoried and compiled; this exact runtime state was not exercised.
macos/Sources/Atrium/Views/DictationView.swift:70,user,native application,rendered or emitted by the containing control or operation,Speech is processed on this device. Dictation audio is not retained after transcription.,None after audit.,Speech is processed on this device. Dictation audio is not retained after transcription.,blocked_runtime_not_exercised,Source inventoried and compiled; this exact runtime state was not exercised.
macos/Sources/Atrium/Views/DictationView.swift:93,user,native application,rendered or emitted by the containing control or operation,"Hold \(shortcut) anywhere, or use the control below.",None after audit.,"Hold \(shortcut) anywhere, or use the control below.",blocked_runtime_not_exercised,Source inventoried and compiled; this exact runtime state was not exercised.
macos/Sources/Atrium/Views/DictationView.swift:96,user,native application,rendered or emitted by the containing control or operation,Start Dictation,None after audit.,Start Dictation,blocked_runtime_not_exercised,Source inventoried and compiled; this exact runtime state was not exercised.
macos/Sources/Atrium/Views/DictationView.swift:96,user,native application,rendered or emitted by the containing control or operation,Stop Dictation,None after audit.,Stop Dictation,blocked_runtime_not_exercised,Source inventoried and compiled; this exact runtime state was not exercised.
macos/Sources/Atrium/Views/Home/HomeAttentionPanel.swift:13,user,native application,rendered or emitted by the containing control or operation,Needs your attention,None after audit.,Needs your attention,blocked_runtime_not_exercised,Source inventoried and compiled; this exact runtime state was not exercised.
macos/Sources/Atrium/Views/Home/HomeCaptureView.swift:13,user,native application,rendered or emitted by the containing control or operation,On-device by default,None after audit.,On-device by default,blocked_runtime_not_exercised,Source inventoried and compiled; this exact runtime state was not exercised.
macos/Sources/Atrium/Views/Home/HomeCaptureView.swift:18,user,native application,rendered or emitted by the containing control or operation,Import Audio,None after audit.,Import Audio,blocked_runtime_not_exercised,Source inventoried and compiled; this exact runtime state was not exercised.
macos/Sources/Atrium/Views/Home/HomeCaptureView.swift:58,user,native application,rendered or emitted by the containing control or operation,Atrium could not open the selected audio. Choose another file and try again.,None after audit.,Atrium could not open the selected audio. Choose another file and try again.,blocked_runtime_not_exercised,Source inventoried and compiled; this exact runtime state was not exercised.
macos/Sources/Atrium/Views/Home/HomeGreetingHeader.swift:35,user,native application,rendered or emitted by the containing control or operation,Good morning,None after audit.,Good morning,blocked_runtime_not_exercised,Source inventoried and compiled; this exact runtime state was not exercised.
macos/Sources/Atrium/Views/Home/HomeGreetingHeader.swift:36,user,native application,rendered or emitted by the containing control or operation,Good afternoon,None after audit.,Good afternoon,blocked_runtime_not_exercised,Source inventoried and compiled; this exact runtime state was not exercised.
macos/Sources/Atrium/Views/Home/HomeGreetingHeader.swift:37,user,native application,rendered or emitted by the containing control or operation,Good evening,None after audit.,Good evening,blocked_runtime_not_exercised,Source inventoried and compiled; this exact runtime state was not exercised.
macos/Sources/Atrium/Views/Home/HomeGreetingHeader.swift:43,user,native application,rendered or emitted by the containing control or operation,"\(part), \(firstName)",None after audit.,"\(part), \(firstName)",blocked_runtime_not_exercised,Source inventoried and compiled; this exact runtime state was not exercised.
macos/Sources/Atrium/Views/Home/HomeGreetingHeader.swift:48,user,native application,rendered or emitted by the containing control or operation,\(today) · what changed across \(theme.title) today,None after audit.,\(today) · what changed across \(theme.title) today,blocked_runtime_not_exercised,Source inventoried and compiled; this exact runtime state was not exercised.
macos/Sources/Atrium/Views/Home/HomePeoplePanel.swift:18,user,native application,rendered or emitted by the containing control or operation,All people,None after audit.,All people,blocked_runtime_not_exercised,Source inventoried and compiled; this exact runtime state was not exercised.
macos/Sources/Atrium/Views/Home/HomeRecentMeetingsPanel.swift:14,user,native application,rendered or emitted by the containing control or operation,Recent meetings,None after audit.,Recent meetings,blocked_runtime_not_exercised,Source inventoried and compiled; this exact runtime state was not exercised.
macos/Sources/Atrium/Views/Home/HomeRecentMeetingsPanel.swift:15,user,native application,rendered or emitted by the containing control or operation,All meetings,None after audit.,All meetings,blocked_runtime_not_exercised,Source inventoried and compiled; this exact runtime state was not exercised.
macos/Sources/Atrium/Views/Home/HomeRecentMeetingsPanel.swift:23,user,native application,rendered or emitted by the containing control or operation,No meetings yet,None after audit.,No meetings yet,blocked_runtime_not_exercised,Source inventoried and compiled; this exact runtime state was not exercised.
macos/Sources/Atrium/Views/Home/HomeRecentMeetingsPanel.swift:25,user,native application,rendered or emitted by the containing control or operation,Start a recording or import audio to build your local workspace.,None after audit.,Start a recording or import audio to build your local workspace.,blocked_runtime_not_exercised,Source inventoried and compiled; this exact runtime state was not exercised.
macos/Sources/Atrium/Views/Home/HomeSearchResultsPanel.swift:10,user,native application,rendered or emitted by the containing control or operation,Search results,None after audit.,Search results,blocked_runtime_not_exercised,Source inventoried and compiled; this exact runtime state was not exercised.
macos/Sources/Atrium/Views/Home/HomeView.swift,user,home,home opens,"Capture, review, recall, and write | Recall cited evidence | retrieval | External AI is always explicit",Abstract or technical language obscured the actual safeguard.,"Record, review, ask, and dictate | Get cited answers | searches | Atrium asks before sending anything outside this Mac",verified,Replacement present in source; warnings-as-errors suite passed. Default Home and Ask insufficient-evidence states were inspected in the native app where applicable.
macos/Sources/Atrium/Views/Home/HomeView.swift:35,user,native application,rendered or emitted by the containing control or operation,"Recordings, transcripts, notes, searches, and citations stay on this Mac. You choose for each meeting what reaches the Company Hub.",None after audit.,"Recordings, transcripts, notes, searches, and citations stay on this Mac. You choose for each meeting what reaches the Company Hub.",verified,Observed in the rebuilt native Home interface and compiled by the full test suite.
macos/Sources/Atrium/Views/Home/HomeView.swift:80,user,native application,rendered or emitted by the containing control or operation,No company activity,None after audit.,No company activity,verified,Observed in the rebuilt native Home interface and compiled by the full test suite.
macos/Sources/Atrium/Views/Home/HomeView.swift:82,user,native application,rendered or emitted by the containing control or operation,"Agents, people, and shared items from Ubundi and First Motive appear here.",None after audit.,"Agents, people, and shared items from Ubundi and First Motive appear here.",verified,Observed in the rebuilt native Home interface and compiled by the full test suite.
macos/Sources/Atrium/Views/Home/HomeWorkflowAction.swift:14,user,native application,rendered or emitted by the containing control or operation,Ask Atrium,None after audit.,Ask Atrium,blocked_runtime_not_exercised,Source inventoried and compiled; this exact runtime state was not exercised.
macos/Sources/Atrium/Views/Home/HomeWorkflowAction.swift:15,user,native application,rendered or emitted by the containing control or operation,Cited answers from meetings,None after audit.,Cited answers from meetings,blocked_runtime_not_exercised,Source inventoried and compiled; this exact runtime state was not exercised.
macos/Sources/Atrium/Views/Home/HomeWorkflowAction.swift:21,user,native application,rendered or emitted by the containing control or operation,Write with your voice,None after audit.,Write with your voice,blocked_runtime_not_exercised,Source inventoried and compiled; this exact runtime state was not exercised.
macos/Sources/Atrium/Views/Home/HomeWorkflowAction.swift:27,user,native application,rendered or emitted by the containing control or operation,Open meeting notes,None after audit.,Open meeting notes,blocked_runtime_not_exercised,Source inventoried and compiled; this exact runtime state was not exercised.
macos/Sources/Atrium/Views/Home/HomeWorkflowAction.swift:33,user,native application,rendered or emitted by the containing control or operation,Workspace and Company Hub,None after audit.,Workspace and Company Hub,blocked_runtime_not_exercised,Source inventoried and compiled; this exact runtime state was not exercised.
macos/Sources/Atrium/Views/MeetingDetailView.swift,user,meeting detail,delete or transcription controls,speaker aliases from the local database | Retranscribe | transcript segments,Database and implementation terms were visible.,speaker names from Atrium | Transcribe again | transcript excerpts,verified,Replacement present in source; warnings-as-errors suite passed. Default Home and Ask insufficient-evidence states were inspected in the native app where applicable.
macos/Sources/Atrium/Views/MeetingDetailView.swift:100,user,native application,rendered or emitted by the containing control or operation,"This removes the meeting, transcript, summary, notes, and speaker names from Atrium. Recording files remain on this Mac.",None after audit.,"This removes the meeting, transcript, summary, notes, and speaker names from Atrium. Recording files remain on this Mac.",blocked_runtime_not_exercised,Source inventoried and compiled; this exact runtime state was not exercised.
macos/Sources/Atrium/Views/MeetingDetailView.swift:108,user,native application,rendered or emitted by the containing control or operation,Share to hub,None after audit.,Share to hub,blocked_runtime_not_exercised,Source inventoried and compiled; this exact runtime state was not exercised.
macos/Sources/Atrium/Views/MeetingDetailView.swift:108,user,native application,rendered or emitted by the containing control or operation,Shared to hub,None after audit.,Shared to hub,blocked_runtime_not_exercised,Source inventoried and compiled; this exact runtime state was not exercised.
macos/Sources/Atrium/Views/MeetingDetailView.swift:119,user,native application,rendered or emitted by the containing control or operation,Share this meeting with the company.,None after audit.,Share this meeting with the company.,blocked_runtime_not_exercised,Source inventoried and compiled; this exact runtime state was not exercised.
macos/Sources/Atrium/Views/MeetingDetailView.swift:120,user,native application,rendered or emitted by the containing control or operation,Connect the Company Hub to share a meeting. This meeting stays on this Mac.,None after audit.,Connect the Company Hub to share a meeting. This meeting stays on this Mac.,blocked_runtime_not_exercised,Source inventoried and compiled; this exact runtime state was not exercised.
macos/Sources/Atrium/Views/MeetingDetailView.swift:128,user,native application,rendered or emitted by the containing control or operation,Meeting title,None after audit.,Meeting title,blocked_runtime_not_exercised,Source inventoried and compiled; this exact runtime state was not exercised.
macos/Sources/Atrium/Views/MeetingDetailView.swift:149,user,native application,rendered or emitted by the containing control or operation,Cancel transcription,None after audit.,Cancel transcription,blocked_runtime_not_exercised,Source inventoried and compiled; this exact runtime state was not exercised.
macos/Sources/Atrium/Views/MeetingDetailView.swift:153,user,native application,rendered or emitted by the containing control or operation,Transcribe again,None after audit.,Transcribe again,blocked_runtime_not_exercised,Source inventoried and compiled; this exact runtime state was not exercised.
macos/Sources/Atrium/Views/MeetingDetailView.swift:158,user,native application,rendered or emitted by the containing control or operation,Open Recording,None after audit.,Open Recording,blocked_runtime_not_exercised,Source inventoried and compiled; this exact runtime state was not exercised.
macos/Sources/Atrium/Views/MeetingDetailView.swift:163,user,native application,rendered or emitted by the containing control or operation,Delete Meeting,None after audit.,Delete Meeting,blocked_runtime_not_exercised,Source inventoried and compiled; this exact runtime state was not exercised.
macos/Sources/Atrium/Views/MeetingDetailView.swift:193,user,native application,rendered or emitted by the containing control or operation,Saved locally,None after audit.,Saved locally,blocked_runtime_not_exercised,Source inventoried and compiled; this exact runtime state was not exercised.
macos/Sources/Atrium/Views/MeetingDetailView.swift:199,user,native application,rendered or emitted by the containing control or operation,Recording paused,None after audit.,Recording paused,blocked_runtime_not_exercised,Source inventoried and compiled; this exact runtime state was not exercised.
macos/Sources/Atrium/Views/MeetingDetailView.swift:203,user,native application,rendered or emitted by the containing control or operation,Saved locally,None after audit.,Saved locally,blocked_runtime_not_exercised,Source inventoried and compiled; this exact runtime state was not exercised.
macos/Sources/Atrium/Views/MeetingDetailView.swift:265,user,native application,rendered or emitted by the containing control or operation,No transcript,None after audit.,No transcript,blocked_runtime_not_exercised,Source inventoried and compiled; this exact runtime state was not exercised.
macos/Sources/Atrium/Views/MeetingDetailView.swift:269,user,native application,rendered or emitted by the containing control or operation,Record or import audio to add a transcript.,None after audit.,Record or import audio to add a transcript.,blocked_runtime_not_exercised,Source inventoried and compiled; this exact runtime state was not exercised.
macos/Sources/Atrium/Views/MeetingDetailView.swift:278,user,native application,rendered or emitted by the containing control or operation,Copy transcript,None after audit.,Copy transcript,blocked_runtime_not_exercised,Source inventoried and compiled; this exact runtime state was not exercised.
macos/Sources/Atrium/Views/MeetingDetailView.swift:280,user,native application,rendered or emitted by the containing control or operation,\($0): ,None after audit.,\($0): ,blocked_runtime_not_exercised,Source inventoried and compiled; this exact runtime state was not exercised.
macos/Sources/Atrium/Views/MeetingDetailView.swift:281,user,native application,rendered or emitted by the containing control or operation,[\(Self.timeLabel(segment.audioStartTime))] \(speaker)\(segment.text),None after audit.,[\(Self.timeLabel(segment.audioStartTime))] \(speaker)\(segment.text),blocked_runtime_not_exercised,Source inventoried and compiled; this exact runtime state was not exercised.
macos/Sources/Atrium/Views/MeetingDetailView.swift:325,user,native application,rendered or emitted by the containing control or operation,--:--,None after audit.,--:--,blocked_runtime_not_exercised,Source inventoried and compiled; this exact runtime state was not exercised.
macos/Sources/Atrium/Views/MeetingDetailView.swift:347,user,native application,rendered or emitted by the containing control or operation,Speaker name,None after audit.,Speaker name,blocked_runtime_not_exercised,Source inventoried and compiled; this exact runtime state was not exercised.
macos/Sources/Atrium/Views/MeetingDetailView.swift:431,user,native application,rendered or emitted by the containing control or operation,Additional summary instruction,None after audit.,Additional summary instruction,blocked_runtime_not_exercised,Source inventoried and compiled; this exact runtime state was not exercised.
macos/Sources/Atrium/Views/MeetingDetailView.swift:451,user,native application,rendered or emitted by the containing control or operation,Meeting notes,None after audit.,Meeting notes,blocked_runtime_not_exercised,Source inventoried and compiled; this exact runtime state was not exercised.
macos/Sources/Atrium/Views/MeetingDetailView.swift:87,user,native application,rendered or emitted by the containing control or operation,Loading meeting,None after audit.,Loading meeting,blocked_runtime_not_exercised,Source inventoried and compiled; this exact runtime state was not exercised.
macos/Sources/Atrium/Views/MeetingDetailView.swift:95,user,native application,rendered or emitted by the containing control or operation,Delete meeting,None after audit.,Delete meeting,blocked_runtime_not_exercised,Source inventoried and compiled; this exact runtime state was not exercised.
macos/Sources/Atrium/Views/MeetingNotesView.swift:12,user,native application,rendered or emitted by the containing control or operation,Meeting Notes,None after audit.,Meeting Notes,blocked_runtime_not_exercised,Source inventoried and compiled; this exact runtime state was not exercised.
macos/Sources/Atrium/Views/MeetingNotesView.swift:13,user,native application,rendered or emitted by the containing control or operation,"Open a saved conversation to review its transcript, summary, and working notes.",None after audit.,"Open a saved conversation to review its transcript, summary, and working notes.",blocked_runtime_not_exercised,Source inventoried and compiled; this exact runtime state was not exercised.
macos/Sources/Atrium/Views/MeetingNotesView.swift:23,user,native application,rendered or emitted by the containing control or operation,No saved conversations,None after audit.,No saved conversations,blocked_runtime_not_exercised,Source inventoried and compiled; this exact runtime state was not exercised.
macos/Sources/Atrium/Views/MeetingNotesView.swift:25,user,native application,rendered or emitted by the containing control or operation,Record a meeting or import audio to start a local meeting record.,None after audit.,Record a meeting or import audio to start a local meeting record.,blocked_runtime_not_exercised,Source inventoried and compiled; this exact runtime state was not exercised.
macos/Sources/Atrium/Views/MeetingNotesView.swift:75,user,native application,rendered or emitted by the containing control or operation,Meeting Notes,None after audit.,Meeting Notes,blocked_runtime_not_exercised,Source inventoried and compiled; this exact runtime state was not exercised.
macos/Sources/Atrium/Views/OnboardingView.swift,user,onboarding,onboarding pages,Local meeting database | Explicit external evidence sharing | recall cited evidence | retrieval,"Database, retrieval, and evidence are internal terms.",Meeting data stays on this Mac | You choose when transcript excerpts leave this Mac | get cited answers | searches,verified,Replacement present in source; warnings-as-errors suite passed. Default Home and Ask insufficient-evidence states were inspected in the native app where applicable.
macos/Sources/Atrium/Views/OnboardingView.swift:114,user,native application,rendered or emitted by the containing control or operation,Current step,None after audit.,Current step,blocked_runtime_not_exercised,Source inventoried and compiled; this exact runtime state was not exercised.
macos/Sources/Atrium/Views/OnboardingView.swift:115,user,native application,rendered or emitted by the containing control or operation,Completed step,None after audit.,Completed step,blocked_runtime_not_exercised,Source inventoried and compiled; this exact runtime state was not exercised.
macos/Sources/Atrium/Views/OnboardingView.swift:115,user,native application,rendered or emitted by the containing control or operation,Upcoming step,None after audit.,Upcoming step,blocked_runtime_not_exercised,Source inventoried and compiled; this exact runtime state was not exercised.
macos/Sources/Atrium/Views/OnboardingView.swift:142,user,native application,rendered or emitted by the containing control or operation,One private workspace for every conversation,None after audit.,One private workspace for every conversation,blocked_runtime_not_exercised,Source inventoried and compiled; this exact runtime state was not exercised.
macos/Sources/Atrium/Views/OnboardingView.swift:151,user,native application,rendered or emitted by the containing control or operation,"Open, precise, human. Light workspace with navy identity.",None after audit.,"Open, precise, human. Light workspace with navy identity.",blocked_runtime_not_exercised,Source inventoried and compiled; this exact runtime state was not exercised.
macos/Sources/Atrium/Views/OnboardingView.swift:158,user,native application,rendered or emitted by the containing control or operation,First Motive,None after audit.,First Motive,blocked_runtime_not_exercised,Source inventoried and compiled; this exact runtime state was not exercised.
macos/Sources/Atrium/Views/OnboardingView.swift:159,user,native application,rendered or emitted by the containing control or operation,"Grounded, technical, warm. Signature dark aubergine workspace.",None after audit.,"Grounded, technical, warm. Signature dark aubergine workspace.",blocked_runtime_not_exercised,Source inventoried and compiled; this exact runtime state was not exercised.
macos/Sources/Atrium/Views/OnboardingView.swift:167,user,native application,rendered or emitted by the containing control or operation,"Midnight, frosted, focused. Dark workspace with violet identity.",None after audit.,"Midnight, frosted, focused. Dark workspace with violet identity.",blocked_runtime_not_exercised,Source inventoried and compiled; this exact runtime state was not exercised.
macos/Sources/Atrium/Views/OnboardingView.swift:175,user,native application,rendered or emitted by the containing control or operation,This sets your workspace identity and theme. Change it any time in Settings.,None after audit.,This sets your workspace identity and theme. Change it any time in Settings.,blocked_runtime_not_exercised,Source inventoried and compiled; this exact runtime state was not exercised.
macos/Sources/Atrium/Views/OnboardingView.swift:189,user,native application,rendered or emitted by the containing control or operation,Your workspace,None after audit.,Your workspace,blocked_runtime_not_exercised,Source inventoried and compiled; this exact runtime state was not exercised.
macos/Sources/Atrium/Views/OnboardingView.swift:190,user,native application,rendered or emitted by the containing control or operation,"Four ways to work, one place",None after audit.,"Four ways to work, one place",blocked_runtime_not_exercised,Source inventoried and compiled; this exact runtime state was not exercised.
macos/Sources/Atrium/Views/OnboardingView.swift:192,user,native application,rendered or emitted by the containing control or operation,"Everything below runs on this Mac. Meetings, transcripts, and notes are yours — the Company Hub only sees what you choose to share.",None after audit.,"Everything below runs on this Mac. Meetings, transcripts, and notes are yours — the Company Hub only sees what you choose to share.",blocked_runtime_not_exercised,Source inventoried and compiled; this exact runtime state was not exercised.
macos/Sources/Atrium/Views/OnboardingView.swift:196,user,native application,rendered or emitted by the containing control or operation,"New: the Company Hub adds shared context, agents, and company-wide search.",None after audit.,"New: the Company Hub adds shared context, agents, and company-wide search.",blocked_runtime_not_exercised,Source inventoried and compiled; this exact runtime state was not exercised.
macos/Sources/Atrium/Views/OnboardingView.swift:214,user,native application,rendered or emitted by the containing control or operation,Record live or import audio,None after audit.,Record live or import audio,blocked_runtime_not_exercised,Source inventoried and compiled; this exact runtime state was not exercised.
macos/Sources/Atrium/Views/OnboardingView.swift:219,user,native application,rendered or emitted by the containing control or operation,"Transcript, summary, and notes",None after audit.,"Transcript, summary, and notes",blocked_runtime_not_exercised,Source inventoried and compiled; this exact runtime state was not exercised.
macos/Sources/Atrium/Views/OnboardingView.swift:224,user,native application,rendered or emitted by the containing control or operation,Get answers with citations,None after audit.,Get answers with citations,blocked_runtime_not_exercised,Source inventoried and compiled; this exact runtime state was not exercised.
macos/Sources/Atrium/Views/OnboardingView.swift:228,user,native application,rendered or emitted by the containing control or operation,Write by voice in any app,None after audit.,Write by voice in any app,blocked_runtime_not_exercised,Source inventoried and compiled; this exact runtime state was not exercised.
macos/Sources/Atrium/Views/OnboardingView.swift:246,user,native application,rendered or emitted by the containing control or operation,Choose the access each feature needs,None after audit.,Choose the access each feature needs,blocked_runtime_not_exercised,Source inventoried and compiled; this exact runtime state was not exercised.
macos/Sources/Atrium/Views/OnboardingView.swift:248,user,native application,rendered or emitted by the containing control or operation,Atrium asks for access only when a feature needs it. Grant what you like now — everything can wait until later in Settings.,None after audit.,Atrium asks for access only when a feature needs it. Grant what you like now — everything can wait until later in Settings.,blocked_runtime_not_exercised,Source inventoried and compiled; this exact runtime state was not exercised.
macos/Sources/Atrium/Views/OnboardingView.swift:254,user,native application,rendered or emitted by the containing control or operation,Needed to record meetings and dictate.,None after audit.,Needed to record meetings and dictate.,blocked_runtime_not_exercised,Source inventoried and compiled; this exact runtime state was not exercised.
macos/Sources/Atrium/Views/OnboardingView.swift:263,user,native application,rendered or emitted by the containing control or operation,Speech Recognition,None after audit.,Speech Recognition,blocked_runtime_not_exercised,Source inventoried and compiled; this exact runtime state was not exercised.
macos/Sources/Atrium/Views/OnboardingView.swift:264,user,native application,rendered or emitted by the containing control or operation,Transcribes speech on this Mac — audio never leaves the device.,None after audit.,Transcribes speech on this Mac — audio never leaves the device.,blocked_runtime_not_exercised,Source inventoried and compiled; this exact runtime state was not exercised.
macos/Sources/Atrium/Views/OnboardingView.swift:273,user,native application,rendered or emitted by the containing control or operation,System Audio,None after audit.,System Audio,blocked_runtime_not_exercised,Source inventoried and compiled; this exact runtime state was not exercised.
macos/Sources/Atrium/Views/OnboardingView.swift:274,user,native application,rendered or emitted by the containing control or operation,Captures the other side of calls. Opens System Settings.,None after audit.,Captures the other side of calls. Opens System Settings.,blocked_runtime_not_exercised,Source inventoried and compiled; this exact runtime state was not exercised.
macos/Sources/Atrium/Views/OnboardingView.swift:275,user,native application,rendered or emitted by the containing control or operation,Open Settings,None after audit.,Open Settings,blocked_runtime_not_exercised,Source inventoried and compiled; this exact runtime state was not exercised.
macos/Sources/Atrium/Views/OnboardingView.swift:281,user,native application,rendered or emitted by the containing control or operation,x-apple.systempreferences:com.apple.preference.security?Privacy_ScreenCapture,None after audit.,x-apple.systempreferences:com.apple.preference.security?Privacy_ScreenCapture,blocked_runtime_not_exercised,Source inventoried and compiled; this exact runtime state was not exercised.
macos/Sources/Atrium/Views/OnboardingView.swift:290,user,native application,rendered or emitted by the containing control or operation,Permissions are optional and can be changed later in System Settings.,None after audit.,Permissions are optional and can be changed later in System Settings.,blocked_runtime_not_exercised,Source inventoried and compiled; this exact runtime state was not exercised.
macos/Sources/Atrium/Views/OnboardingView.swift:303,user,native application,rendered or emitted by the containing control or operation,Earlier meetings,None after audit.,Earlier meetings,blocked_runtime_not_exercised,Source inventoried and compiled; this exact runtime state was not exercised.
macos/Sources/Atrium/Views/OnboardingView.swift:304,user,native application,rendered or emitted by the containing control or operation,Atrium found meetings from before,None after audit.,Atrium found meetings from before,blocked_runtime_not_exercised,Source inventoried and compiled; this exact runtime state was not exercised.
macos/Sources/Atrium/Views/OnboardingView.swift:306,user,native application,rendered or emitted by the containing control or operation,"An earlier Atrium installation left meeting data on this Mac. Take it back and your meetings, transcripts, notes, summaries, and speaker names return with their recordings.",None after audit.,"An earlier Atrium installation left meeting data on this Mac. Take it back and your meetings, transcripts, notes, summaries, and speaker names return with their recordings.",blocked_runtime_not_exercised,Source inventoried and compiled; this exact runtime state was not exercised.
macos/Sources/Atrium/Views/OnboardingView.swift:318,user,native application,rendered or emitted by the containing control or operation,Meetings you already have stay as they are. Nothing is removed from the earlier folder.,None after audit.,Meetings you already have stay as they are. Nothing is removed from the earlier folder.,blocked_runtime_not_exercised,Source inventoried and compiled; this exact runtime state was not exercised.
macos/Sources/Atrium/Views/OnboardingView.swift:333,user,native application,rendered or emitted by the containing control or operation,Company Hub,None after audit.,Company Hub,blocked_runtime_not_exercised,Source inventoried and compiled; this exact runtime state was not exercised.
macos/Sources/Atrium/Views/OnboardingView.swift:334,user,native application,rendered or emitted by the containing control or operation,Join the shared workspace,None after audit.,Join the shared workspace,blocked_runtime_not_exercised,Source inventoried and compiled; this exact runtime state was not exercised.
macos/Sources/Atrium/Views/OnboardingView.swift:336,user,native application,rendered or emitted by the containing control or operation,"The hub is where the team — and the company agents — share context. Your meetings stay private unless you share them, one at a time.",None after audit.,"The hub is where the team — and the company agents — share context. Your meetings stay private unless you share them, one at a time.",blocked_runtime_not_exercised,Source inventoried and compiled; this exact runtime state was not exercised.
macos/Sources/Atrium/Views/OnboardingView.swift:346,user,native application,rendered or emitted by the containing control or operation,Your profile in the hub,None after audit.,Your profile in the hub,blocked_runtime_not_exercised,Source inventoried and compiled; this exact runtime state was not exercised.
macos/Sources/Atrium/Views/OnboardingView.swift:350,user,native application,rendered or emitted by the containing control or operation,Your name,None after audit.,Your name,blocked_runtime_not_exercised,Source inventoried and compiled; this exact runtime state was not exercised.
macos/Sources/Atrium/Views/OnboardingView.swift:352,user,native application,rendered or emitted by the containing control or operation,Role — e.g. Product Lead,None after audit.,Role — e.g. Product Lead,blocked_runtime_not_exercised,Source inventoried and compiled; this exact runtime state was not exercised.
macos/Sources/Atrium/Views/OnboardingView.swift:354,user,native application,rendered or emitted by the containing control or operation,Shown in People and next to anything you share.,None after audit.,Shown in People and next to anything you share.,blocked_runtime_not_exercised,Source inventoried and compiled; this exact runtime state was not exercised.
macos/Sources/Atrium/Views/OnboardingView.swift:363,user,native application,rendered or emitted by the containing control or operation,Appear in People,None after audit.,Appear in People,blocked_runtime_not_exercised,Source inventoried and compiled; this exact runtime state was not exercised.
macos/Sources/Atrium/Views/OnboardingView.swift:364,user,native application,rendered or emitted by the containing control or operation,"Your name, role, and status are visible to the team.",None after audit.,"Your name, role, and status are visible to the team.",blocked_runtime_not_exercised,Source inventoried and compiled; this exact runtime state was not exercised.
macos/Sources/Atrium/Views/OnboardingView.swift:369,user,native application,rendered or emitted by the containing control or operation,Show my shares in Activity,None after audit.,Show my shares in Activity,blocked_runtime_not_exercised,Source inventoried and compiled; this exact runtime state was not exercised.
macos/Sources/Atrium/Views/OnboardingView.swift:370,user,native application,rendered or emitted by the containing control or operation,"When you share a meeting, it appears in the company feed.",None after audit.,"When you share a meeting, it appears in the company feed.",blocked_runtime_not_exercised,Source inventoried and compiled; this exact runtime state was not exercised.
macos/Sources/Atrium/Views/OnboardingView.swift:375,user,native application,rendered or emitted by the containing control or operation,Let agents read what I share,None after audit.,Let agents read what I share,blocked_runtime_not_exercised,Source inventoried and compiled; this exact runtime state was not exercised.
macos/Sources/Atrium/Views/OnboardingView.swift:376,user,native application,rendered or emitted by the containing control or operation,Openclaw and Hermes can use your shared items — never local ones.,None after audit.,Openclaw and Hermes can use your shared items — never local ones.,blocked_runtime_not_exercised,Source inventoried and compiled; this exact runtime state was not exercised.
macos/Sources/Atrium/Views/OnboardingView.swift:38,user,native application,rendered or emitted by the containing control or operation,Set up in about a minute,None after audit.,Set up in about a minute,blocked_runtime_not_exercised,Source inventoried and compiled; this exact runtime state was not exercised.
macos/Sources/Atrium/Views/OnboardingView.swift:387,user,native application,rendered or emitted by the containing control or operation,"Sharing a meeting to the hub is always a separate, explicit action — never automatic.",None after audit.,"Sharing a meeting to the hub is always a separate, explicit action — never automatic.",blocked_runtime_not_exercised,Source inventoried and compiled; this exact runtime state was not exercised.
macos/Sources/Atrium/Views/OnboardingView.swift:39,user,native application,rendered or emitted by the containing control or operation,Step \(currentIndex + 1) of \(steps.count) — \(step.caption),None after audit.,Step \(currentIndex + 1) of \(steps.count) — \(step.caption),blocked_runtime_not_exercised,Source inventoried and compiled; this exact runtime state was not exercised.
macos/Sources/Atrium/Views/OnboardingView.swift:413,user,native application,rendered or emitted by the containing control or operation,"Recordings, transcripts, notes, and searches stay on this Mac. Atrium asks before anything leaves it.",None after audit.,"Recordings, transcripts, notes, and searches stay on this Mac. Atrium asks before anything leaves it.",blocked_runtime_not_exercised,Source inventoried and compiled; this exact runtime state was not exercised.
macos/Sources/Atrium/Views/OnboardingView.swift:445,user,native application,rendered or emitted by the containing control or operation,"Your workspace is ready, \(firstName)",None after audit.,"Your workspace is ready, \(firstName)",blocked_runtime_not_exercised,Source inventoried and compiled; this exact runtime state was not exercised.
macos/Sources/Atrium/Views/OnboardingView.swift:447,user,native application,rendered or emitted by the containing control or operation,Your local workspace is ready,None after audit.,Your local workspace is ready,blocked_runtime_not_exercised,Source inventoried and compiled; this exact runtime state was not exercised.
macos/Sources/Atrium/Views/OnboardingView.swift:456,user,native application,rendered or emitted by the containing control or operation,\(theme.title) workspace,None after audit.,\(theme.title) workspace,blocked_runtime_not_exercised,Source inventoried and compiled; this exact runtime state was not exercised.
macos/Sources/Atrium/Views/OnboardingView.swift:457,user,native application,rendered or emitted by the containing control or operation,\(permissions.grantedCount) of 3 permissions granted,None after audit.,\(permissions.grantedCount) of 3 permissions granted,blocked_runtime_not_exercised,Source inventoried and compiled; this exact runtime state was not exercised.
macos/Sources/Atrium/Views/OnboardingView.swift:460,user,native application,rendered or emitted by the containing control or operation,GitHub not connected,None after audit.,GitHub not connected,blocked_runtime_not_exercised,Source inventoried and compiled; this exact runtime state was not exercised.
macos/Sources/Atrium/Views/OnboardingView.swift:461,user,native application,rendered or emitted by the containing control or operation,GitHub: @\(githubLogin) · \(githubOrganization),None after audit.,GitHub: @\(githubLogin) · \(githubOrganization),blocked_runtime_not_exercised,Source inventoried and compiled; this exact runtime state was not exercised.
macos/Sources/Atrium/Views/OnboardingView.swift:463,user,native application,rendered or emitted by the containing control or operation,Hidden from People,None after audit.,Hidden from People,blocked_runtime_not_exercised,Source inventoried and compiled; this exact runtime state was not exercised.
macos/Sources/Atrium/Views/OnboardingView.swift:463,user,native application,rendered or emitted by the containing control or operation,Visible in People,None after audit.,Visible in People,blocked_runtime_not_exercised,Source inventoried and compiled; this exact runtime state was not exercised.
macos/Sources/Atrium/Views/OnboardingView.swift:464,user,native application,rendered or emitted by the containing control or operation,"Sharing: per-meeting, opt-in",None after audit.,"Sharing: per-meeting, opt-in",blocked_runtime_not_exercised,Source inventoried and compiled; this exact runtime state was not exercised.
macos/Sources/Atrium/Views/OnboardingView.swift:506,user,native application,rendered or emitted by the containing control or operation,You can also do this later in Settings.,None after audit.,You can also do this later in Settings.,blocked_runtime_not_exercised,Source inventoried and compiled; this exact runtime state was not exercised.
macos/Sources/Atrium/Views/OnboardingView.swift:507,user,native application,rendered or emitted by the containing control or operation,Your earlier meetings are in the sidebar.,None after audit.,Your earlier meetings are in the sidebar.,blocked_runtime_not_exercised,Source inventoried and compiled; this exact runtime state was not exercised.
macos/Sources/Atrium/Views/OnboardingView.swift:514,user,native application,rendered or emitted by the containing control or operation,You can change all of this in Settings.,None after audit.,You can change all of this in Settings.,blocked_runtime_not_exercised,Source inventoried and compiled; this exact runtime state was not exercised.
macos/Sources/Atrium/Views/OnboardingView.swift:515,user,native application,rendered or emitted by the containing control or operation,Joining the hub needs a company GitHub identity — or skip for now.,None after audit.,Joining the hub needs a company GitHub identity — or skip for now.,blocked_runtime_not_exercised,Source inventoried and compiled; this exact runtime state was not exercised.
macos/Sources/Atrium/Views/OnboardingView.swift:523,user,native application,rendered or emitted by the containing control or operation,Skip for now,None after audit.,Skip for now,blocked_runtime_not_exercised,Source inventoried and compiled; this exact runtime state was not exercised.
macos/Sources/Atrium/Views/OnboardingView.swift:527,user,native application,rendered or emitted by the containing control or operation,Start Using Atrium,None after audit.,Start Using Atrium,blocked_runtime_not_exercised,Source inventoried and compiled; this exact runtime state was not exercised.
macos/Sources/Atrium/Views/OnboardingView.swift:574,user,native application,rendered or emitted by the containing control or operation,Earlier meetings,None after audit.,Earlier meetings,blocked_runtime_not_exercised,Source inventoried and compiled; this exact runtime state was not exercised.
macos/Sources/Atrium/Views/OnboardingView.swift:575,user,native application,rendered or emitted by the containing control or operation,Your workspace,None after audit.,Your workspace,blocked_runtime_not_exercised,Source inventoried and compiled; this exact runtime state was not exercised.
macos/Sources/Atrium/Views/OnboardingView.swift:577,user,native application,rendered or emitted by the containing control or operation,Company Hub,None after audit.,Company Hub,blocked_runtime_not_exercised,Source inventoried and compiled; this exact runtime state was not exercised.
macos/Sources/Atrium/Views/OnboardingView.swift:585,user,native application,rendered or emitted by the containing control or operation,meetings from before,None after audit.,meetings from before,blocked_runtime_not_exercised,Source inventoried and compiled; this exact runtime state was not exercised.
macos/Sources/Atrium/Views/OnboardingView.swift:586,user,native application,rendered or emitted by the containing control or operation,what Atrium does,None after audit.,what Atrium does,blocked_runtime_not_exercised,Source inventoried and compiled; this exact runtime state was not exercised.
macos/Sources/Atrium/Views/OnboardingView.swift:588,user,native application,rendered or emitted by the containing control or operation,the shared hub,None after audit.,the shared hub,blocked_runtime_not_exercised,Source inventoried and compiled; this exact runtime state was not exercised.
macos/Sources/Atrium/Views/OnboardingView.swift:589,user,native application,rendered or emitted by the containing control or operation,all set,None after audit.,all set,blocked_runtime_not_exercised,Source inventoried and compiled; this exact runtime state was not exercised.
macos/Sources/Atrium/Views/OnboardingView.swift:650,user,native application,rendered or emitted by the containing control or operation,\(Self.meetings(restored.importedMeetingCount)) restored,None after audit.,\(Self.meetings(restored.importedMeetingCount)) restored,blocked_runtime_not_exercised,Source inventoried and compiled; this exact runtime state was not exercised.
macos/Sources/Atrium/Views/OnboardingView.swift:652,user,native application,rendered or emitted by the containing control or operation,No earlier meetings found,None after audit.,No earlier meetings found,blocked_runtime_not_exercised,Source inventoried and compiled; this exact runtime state was not exercised.
macos/Sources/Atrium/Views/OnboardingView.swift:653,user,native application,rendered or emitted by the containing control or operation,\(Self.meetings(installation.importableMeetingCount)) found,None after audit.,\(Self.meetings(installation.importableMeetingCount)) found,blocked_runtime_not_exercised,Source inventoried and compiled; this exact runtime state was not exercised.
macos/Sources/Atrium/Views/OnboardingView.swift:662,user,native application,rendered or emitted by the containing control or operation,1 recording,None after audit.,1 recording,blocked_runtime_not_exercised,Source inventoried and compiled; this exact runtime state was not exercised.
macos/Sources/Atrium/Views/OnboardingView.swift:663,user,native application,rendered or emitted by the containing control or operation,\(restored.copiedRecordingCount) recordings,None after audit.,\(restored.copiedRecordingCount) recordings,blocked_runtime_not_exercised,Source inventoried and compiled; this exact runtime state was not exercised.
macos/Sources/Atrium/Views/OnboardingView.swift:664,user,native application,rendered or emitted by the containing control or operation,\(recordings) copied into your recordings folder,None after audit.,\(recordings) copied into your recordings folder,blocked_runtime_not_exercised,Source inventoried and compiled; this exact runtime state was not exercised.
macos/Sources/Atrium/Views/OnboardingView.swift:667,user,native application,rendered or emitted by the containing control or operation,\(restored.skippedMeetingCount) you already had were left alone,None after audit.,\(restored.skippedMeetingCount) you already had were left alone,blocked_runtime_not_exercised,Source inventoried and compiled; this exact runtime state was not exercised.
macos/Sources/Atrium/Views/OnboardingView.swift:672,user,native application,rendered or emitted by the containing control or operation,Atrium found no meeting data from an earlier installation.,None after audit.,Atrium found no meeting data from an earlier installation.,blocked_runtime_not_exercised,Source inventoried and compiled; this exact runtime state was not exercised.
macos/Sources/Atrium/Views/OnboardingView.swift:674,user,native application,rendered or emitted by the containing control or operation,\(installation.transcriptCount) transcript segments,None after audit.,\(installation.transcriptCount) transcript segments,blocked_runtime_not_exercised,Source inventoried and compiled; this exact runtime state was not exercised.
macos/Sources/Atrium/Views/OnboardingView.swift:676,user,native application,rendered or emitted by the containing control or operation,"most recent \(latest.formatted(date: .abbreviated, time: .omitted))",None after audit.,"most recent \(latest.formatted(date: .abbreviated, time: .omitted))",blocked_runtime_not_exercised,Source inventoried and compiled; this exact runtime state was not exercised.
macos/Sources/Atrium/Views/OnboardingView.swift:682,user,native application,rendered or emitted by the containing control or operation,1 meeting,None after audit.,1 meeting,blocked_runtime_not_exercised,Source inventoried and compiled; this exact runtime state was not exercised.
macos/Sources/Atrium/Views/OnboardingView.swift:682,user,native application,rendered or emitted by the containing control or operation,\(count) meetings,None after audit.,\(count) meetings,blocked_runtime_not_exercised,Source inventoried and compiled; this exact runtime state was not exercised.
macos/Sources/Atrium/Views/OnboardingView.swift:736,user,native application,rendered or emitted by the containing control or operation,Check Again,None after audit.,Check Again,blocked_runtime_not_exercised,Source inventoried and compiled; this exact runtime state was not exercised.
macos/Sources/Atrium/Views/OnboardingView.swift:777,user,native application,rendered or emitted by the containing control or operation,GitHub identity,None after audit.,GitHub identity,blocked_runtime_not_exercised,Source inventoried and compiled; this exact runtime state was not exercised.
macos/Sources/Atrium/Views/OnboardingView.swift:779,user,native application,rendered or emitted by the containing control or operation,GitHub CLI not found,None after audit.,GitHub CLI not found,blocked_runtime_not_exercised,Source inventoried and compiled; this exact runtime state was not exercised.
macos/Sources/Atrium/Views/OnboardingView.swift:781,user,native application,rendered or emitted by the containing control or operation,GitHub sign-in required,None after audit.,GitHub sign-in required,blocked_runtime_not_exercised,Source inventoried and compiled; this exact runtime state was not exercised.
macos/Sources/Atrium/Views/OnboardingView.swift:783,user,native application,rendered or emitted by the containing control or operation,@\(identity.login) is not in a company organization,None after audit.,@\(identity.login) is not in a company organization,blocked_runtime_not_exercised,Source inventoried and compiled; this exact runtime state was not exercised.
macos/Sources/Atrium/Views/OnboardingView.swift:785,user,native application,rendered or emitted by the containing control or operation,Signed in as @\(identity.login) · \(organization),None after audit.,Signed in as @\(identity.login) · \(organization),blocked_runtime_not_exercised,Source inventoried and compiled; this exact runtime state was not exercised.
macos/Sources/Atrium/Views/OnboardingView.swift:792,user,native application,rendered or emitted by the containing control or operation,Checking the GitHub CLI on this Mac.,None after audit.,Checking the GitHub CLI on this Mac.,blocked_runtime_not_exercised,Source inventoried and compiled; this exact runtime state was not exercised.
macos/Sources/Atrium/Views/OnboardingView.swift:794,user,native application,rendered or emitted by the containing control or operation,"Install the GitHub CLI (gh), then check again.",None after audit.,"Install the GitHub CLI (gh), then check again.",blocked_runtime_not_exercised,Source inventoried and compiled; this exact runtime state was not exercised.
macos/Sources/Atrium/Views/OnboardingView.swift:796,user,native application,rendered or emitted by the containing control or operation,"Run “gh auth login” in Terminal, then check again.",None after audit.,"Run “gh auth login” in Terminal, then check again.",blocked_runtime_not_exercised,Source inventoried and compiled; this exact runtime state was not exercised.
macos/Sources/Atrium/Views/OnboardingView.swift:798,user,native application,rendered or emitted by the containing control or operation,The hub needs membership in Ubundi or first-motive on GitHub.,None after audit.,The hub needs membership in Ubundi or first-motive on GitHub.,blocked_runtime_not_exercised,Source inventoried and compiled; this exact runtime state was not exercised.
macos/Sources/Atrium/Views/OnboardingView.swift:800,user,native application,rendered or emitted by the containing control or operation,Your company GitHub identity connects you to the hub.,None after audit.,Your company GitHub identity connects you to the hub.,blocked_runtime_not_exercised,Source inventoried and compiled; this exact runtime state was not exercised.
macos/Sources/Atrium/Views/PreviousInstallationBanner.swift:15,user,native application,rendered or emitted by the containing control or operation,Earlier Atrium meetings found,None after audit.,Earlier Atrium meetings found,blocked_runtime_not_exercised,Source inventoried and compiled; this exact runtime state was not exercised.
macos/Sources/Atrium/Views/PreviousInstallationBanner.swift:25,user,native application,rendered or emitted by the containing control or operation,Restoring earlier Atrium meetings,None after audit.,Restoring earlier Atrium meetings,blocked_runtime_not_exercised,Source inventoried and compiled; this exact runtime state was not exercised.
macos/Sources/Atrium/Views/PreviousInstallationBanner.swift:27,user,native application,rendered or emitted by the containing control or operation,Not Now,None after audit.,Not Now,blocked_runtime_not_exercised,Source inventoried and compiled; this exact runtime state was not exercised.
macos/Sources/Atrium/Views/PreviousInstallationBanner.swift:28,user,native application,rendered or emitted by the containing control or operation,Restore Meetings,None after audit.,Restore Meetings,blocked_runtime_not_exercised,Source inventoried and compiled; this exact runtime state was not exercised.
macos/Sources/Atrium/Views/PreviousInstallationBanner.swift:43,user,native application,rendered or emitted by the containing control or operation,1 meeting,None after audit.,1 meeting,blocked_runtime_not_exercised,Source inventoried and compiled; this exact runtime state was not exercised.
macos/Sources/Atrium/Views/PreviousInstallationBanner.swift:43,user,native application,rendered or emitted by the containing control or operation,\(count) meetings,None after audit.,\(count) meetings,blocked_runtime_not_exercised,Source inventoried and compiled; this exact runtime state was not exercised.
macos/Sources/Atrium/Views/PreviousInstallationBanner.swift:44,user,native application,rendered or emitted by the containing control or operation,Restore \(meetings) from the earlier installation. Existing meetings stay unchanged.,None after audit.,Restore \(meetings) from the earlier installation. Existing meetings stay unchanged.,blocked_runtime_not_exercised,Source inventoried and compiled; this exact runtime state was not exercised.
macos/Sources/Atrium/Views/RecordingControlsView.swift:11,user,native application,rendered or emitted by the containing control or operation,Start Recording,None after audit.,Start Recording,blocked_runtime_not_exercised,Source inventoried and compiled; this exact runtime state was not exercised.
macos/Sources/Atrium/Views/RecordingControlsView.swift:32,user,native application,rendered or emitted by the containing control or operation,Importing audio,None after audit.,Importing audio,blocked_runtime_not_exercised,Source inventoried and compiled; this exact runtime state was not exercised.
macos/Sources/Atrium/Views/RecordingControlsView.swift:33,user,native application,rendered or emitted by the containing control or operation,Cancel Import,None after audit.,Cancel Import,blocked_runtime_not_exercised,Source inventoried and compiled; this exact runtime state was not exercised.
macos/Sources/Atrium/Views/RecordingMeterView.swift:18,user,native application,rendered or emitted by the containing control or operation,Recording level,None after audit.,Recording level,blocked_runtime_not_exercised,Source inventoried and compiled; this exact runtime state was not exercised.
macos/Sources/Atrium/Views/SettingsView.swift,user,settings,"General, Appearance, Transcription, Summary, About",System errors | Test notification sent | Database | canonical dark aubergine workspace | Apple on-device speech | Native Swift,"Technical, misleading, or design-system language appeared in normal settings.",Problems that need attention | Test notification queued | Meeting data | dark purple theme | On this Mac | removed implementation language,verified,Replacement present in source; warnings-as-errors suite passed. Default Home and Ask insufficient-evidence states were inspected in the native app where applicable.
macos/Sources/Atrium/Views/SettingsView.swift:117,user,native application,rendered or emitted by the containing control or operation,Not allowed,None after audit.,Not allowed,blocked_runtime_not_exercised,Source inventoried and compiled; this exact runtime state was not exercised.
macos/Sources/Atrium/Views/SettingsView.swift:118,user,native application,rendered or emitted by the containing control or operation,Not allowed,None after audit.,Not allowed,blocked_runtime_not_exercised,Source inventoried and compiled; this exact runtime state was not exercised.
macos/Sources/Atrium/Views/SettingsView.swift:125,user,native application,rendered or emitted by the containing control or operation,x-apple.systempreferences:com.apple.preference.security?\(pane),None after audit.,x-apple.systempreferences:com.apple.preference.security?\(pane),blocked_runtime_not_exercised,Source inventoried and compiled; this exact runtime state was not exercised.
macos/Sources/Atrium/Views/SettingsView.swift:132,user,native application,rendered or emitted by the containing control or operation,x-apple.systempreferences:com.apple.Notifications-Settings.extension,None after audit.,x-apple.systempreferences:com.apple.Notifications-Settings.extension,blocked_runtime_not_exercised,Source inventoried and compiled; this exact runtime state was not exercised.
macos/Sources/Atrium/Views/SettingsView.swift:140,user,native application,rendered or emitted by the containing control or operation,Not allowed,None after audit.,Not allowed,blocked_runtime_not_exercised,Source inventoried and compiled; this exact runtime state was not exercised.
macos/Sources/Atrium/Views/SettingsView.swift:141,user,native application,rendered or emitted by the containing control or operation,Not requested,None after audit.,Not requested,blocked_runtime_not_exercised,Source inventoried and compiled; this exact runtime state was not exercised.
macos/Sources/Atrium/Views/SettingsView.swift:148,user,native application,rendered or emitted by the containing control or operation,Not allowed,None after audit.,Not allowed,blocked_runtime_not_exercised,Source inventoried and compiled; this exact runtime state was not exercised.
macos/Sources/Atrium/Views/SettingsView.swift:149,user,native application,rendered or emitted by the containing control or operation,Not requested,None after audit.,Not requested,blocked_runtime_not_exercised,Source inventoried and compiled; this exact runtime state was not exercised.
macos/Sources/Atrium/Views/SettingsView.swift:157,user,native application,rendered or emitted by the containing control or operation,Not allowed,None after audit.,Not allowed,blocked_runtime_not_exercised,Source inventoried and compiled; this exact runtime state was not exercised.
macos/Sources/Atrium/Views/SettingsView.swift:158,user,native application,rendered or emitted by the containing control or operation,Not requested,None after audit.,Not requested,blocked_runtime_not_exercised,Source inventoried and compiled; this exact runtime state was not exercised.
macos/Sources/Atrium/Views/SettingsView.swift:175,user,native application,rendered or emitted by the containing control or operation,\(title) status,None after audit.,\(title) status,blocked_runtime_not_exercised,Source inventoried and compiled; this exact runtime state was not exercised.
macos/Sources/Atrium/Views/SettingsView.swift:179,user,native application,rendered or emitted by the containing control or operation,Request \(title) access,None after audit.,Request \(title) access,blocked_runtime_not_exercised,Source inventoried and compiled; this exact runtime state was not exercised.
macos/Sources/Atrium/Views/SettingsView.swift:200,user,native application,rendered or emitted by the containing control or operation,Recording activity,None after audit.,Recording activity,blocked_runtime_not_exercised,Source inventoried and compiled; this exact runtime state was not exercised.
macos/Sources/Atrium/Views/SettingsView.swift:201,user,native application,rendered or emitted by the containing control or operation,Transcription complete,None after audit.,Transcription complete,blocked_runtime_not_exercised,Source inventoried and compiled; this exact runtime state was not exercised.
macos/Sources/Atrium/Views/SettingsView.swift:202,user,native application,rendered or emitted by the containing control or operation,Problems that need attention,None after audit.,Problems that need attention,blocked_runtime_not_exercised,Source inventoried and compiled; this exact runtime state was not exercised.
macos/Sources/Atrium/Views/SettingsView.swift:203,user,native application,rendered or emitted by the containing control or operation,Notification sound,None after audit.,Notification sound,blocked_runtime_not_exercised,Source inventoried and compiled; this exact runtime state was not exercised.
macos/Sources/Atrium/Views/SettingsView.swift:204,user,native application,rendered or emitted by the containing control or operation,Pause non-critical notifications,None after audit.,Pause non-critical notifications,blocked_runtime_not_exercised,Source inventoried and compiled; this exact runtime state was not exercised.
macos/Sources/Atrium/Views/SettingsView.swift:206,user,native application,rendered or emitted by the containing control or operation,Send test notification,None after audit.,Send test notification,blocked_runtime_not_exercised,Source inventoried and compiled; this exact runtime state was not exercised.
macos/Sources/Atrium/Views/SettingsView.swift:210,user,native application,rendered or emitted by the containing control or operation,Test notification queued,None after audit.,Test notification queued,blocked_runtime_not_exercised,Source inventoried and compiled; this exact runtime state was not exercised.
macos/Sources/Atrium/Views/SettingsView.swift:211,user,native application,rendered or emitted by the containing control or operation,Allow notifications to run this test.,None after audit.,Allow notifications to run this test.,blocked_runtime_not_exercised,Source inventoried and compiled; this exact runtime state was not exercised.
macos/Sources/Atrium/Views/SettingsView.swift:221,user,native application,rendered or emitted by the containing control or operation,Automatic update checks,None after audit.,Automatic update checks,blocked_runtime_not_exercised,Source inventoried and compiled; this exact runtime state was not exercised.
macos/Sources/Atrium/Views/SettingsView.swift:241,user,native application,rendered or emitted by the containing control or operation,Data on this Mac,None after audit.,Data on this Mac,blocked_runtime_not_exercised,Source inventoried and compiled; this exact runtime state was not exercised.
macos/Sources/Atrium/Views/SettingsView.swift:243,user,native application,rendered or emitted by the containing control or operation,Meeting data,None after audit.,Meeting data,blocked_runtime_not_exercised,Source inventoried and compiled; this exact runtime state was not exercised.
macos/Sources/Atrium/Views/SettingsView.swift:252,user,native application,rendered or emitted by the containing control or operation,Earlier installation,None after audit.,Earlier installation,blocked_runtime_not_exercised,Source inventoried and compiled; this exact runtime state was not exercised.
macos/Sources/Atrium/Views/SettingsView.swift:253,user,native application,rendered or emitted by the containing control or operation,Meetings found,None after audit.,Meetings found,blocked_runtime_not_exercised,Source inventoried and compiled; this exact runtime state was not exercised.
macos/Sources/Atrium/Views/SettingsView.swift:254,user,native application,rendered or emitted by the containing control or operation,\(installation.importableMeetingCount),None after audit.,\(installation.importableMeetingCount),blocked_runtime_not_exercised,Source inventoried and compiled; this exact runtime state was not exercised.
macos/Sources/Atrium/Views/SettingsView.swift:258,user,native application,rendered or emitted by the containing control or operation,Restore Meetings,None after audit.,Restore Meetings,blocked_runtime_not_exercised,Source inventoried and compiled; this exact runtime state was not exercised.
macos/Sources/Atrium/Views/SettingsView.swift:267,user,native application,rendered or emitted by the containing control or operation,Meetings you already have stay as they are.,None after audit.,Meetings you already have stay as they are.,blocked_runtime_not_exercised,Source inventoried and compiled; this exact runtime state was not exercised.
macos/Sources/Atrium/Views/SettingsView.swift:313,user,native application,rendered or emitted by the containing control or operation,Atrium and First Motive always use their dark surface.,None after audit.,Atrium and First Motive always use their dark surface.,blocked_runtime_not_exercised,Source inventoried and compiled; this exact runtime state was not exercised.
macos/Sources/Atrium/Views/SettingsView.swift:315,user,native application,rendered or emitted by the containing control or operation,Ubundi follows your macOS light or dark appearance and uses navy accents.,None after audit.,Ubundi follows your macOS light or dark appearance and uses navy accents.,blocked_runtime_not_exercised,Source inventoried and compiled; this exact runtime state was not exercised.
macos/Sources/Atrium/Views/SettingsView.swift:329,user,native application,rendered or emitted by the containing control or operation,Interface theme,None after audit.,Interface theme,blocked_runtime_not_exercised,Source inventoried and compiled; this exact runtime state was not exercised.
macos/Sources/Atrium/Views/SettingsView.swift:344,user,native application,rendered or emitted by the containing control or operation,App icon,None after audit.,App icon,blocked_runtime_not_exercised,Source inventoried and compiled; this exact runtime state was not exercised.
macos/Sources/Atrium/Views/SettingsView.swift:409,user,native application,rendered or emitted by the containing control or operation,Audio files,None after audit.,Audio files,blocked_runtime_not_exercised,Source inventoried and compiled; this exact runtime state was not exercised.
macos/Sources/Atrium/Views/SettingsView.swift:410,user,native application,rendered or emitted by the containing control or operation,Save audio recordings,None after audit.,Save audio recordings,blocked_runtime_not_exercised,Source inventoried and compiled; this exact runtime state was not exercised.
macos/Sources/Atrium/Views/SettingsView.swift:411,user,native application,rendered or emitted by the containing control or operation,Recording start notification,None after audit.,Recording start notification,blocked_runtime_not_exercised,Source inventoried and compiled; this exact runtime state was not exercised.
macos/Sources/Atrium/Views/SettingsView.swift:412,user,native application,rendered or emitted by the containing control or operation,Save location,None after audit.,Save location,blocked_runtime_not_exercised,Source inventoried and compiled; this exact runtime state was not exercised.
macos/Sources/Atrium/Views/SettingsView.swift:419,user,native application,rendered or emitted by the containing control or operation,Open Folder,None after audit.,Open Folder,blocked_runtime_not_exercised,Source inventoried and compiled; this exact runtime state was not exercised.
macos/Sources/Atrium/Views/SettingsView.swift:420,user,native application,rendered or emitted by the containing control or operation,Choose Folder,None after audit.,Choose Folder,blocked_runtime_not_exercised,Source inventoried and compiled; this exact runtime state was not exercised.
macos/Sources/Atrium/Views/SettingsView.swift:422,user,native application,rendered or emitted by the containing control or operation,Use Default,None after audit.,Use Default,blocked_runtime_not_exercised,Source inventoried and compiled; this exact runtime state was not exercised.
macos/Sources/Atrium/Views/SettingsView.swift:426,user,native application,rendered or emitted by the containing control or operation,Default audio devices,None after audit.,Default audio devices,blocked_runtime_not_exercised,Source inventoried and compiled; this exact runtime state was not exercised.
macos/Sources/Atrium/Views/SettingsView.swift:433,user,native application,rendered or emitted by the containing control or operation,Capture system audio,None after audit.,Capture system audio,blocked_runtime_not_exercised,Source inventoried and compiled; this exact runtime state was not exercised.
macos/Sources/Atrium/Views/SettingsView.swift:456,user,native application,rendered or emitted by the containing control or operation,Choose Recording Folder,None after audit.,Choose Recording Folder,blocked_runtime_not_exercised,Source inventoried and compiled; this exact runtime state was not exercised.
macos/Sources/Atrium/Views/SettingsView.swift:475,user,native application,rendered or emitted by the containing control or operation,Global shortcut,None after audit.,Global shortcut,blocked_runtime_not_exercised,Source inventoried and compiled; this exact runtime state was not exercised.
macos/Sources/Atrium/Views/SettingsView.swift:481,user,native application,rendered or emitted by the containing control or operation,Dictation microphone,None after audit.,Dictation microphone,blocked_runtime_not_exercised,Source inventoried and compiled; this exact runtime state was not exercised.
macos/Sources/Atrium/Views/SettingsView.swift:500,user,native application,rendered or emitted by the containing control or operation,Speech model,None after audit.,Speech model,blocked_runtime_not_exercised,Source inventoried and compiled; this exact runtime state was not exercised.
macos/Sources/Atrium/Views/SettingsView.swift:501,user,native application,rendered or emitted by the containing control or operation,On this Mac,None after audit.,On this Mac,blocked_runtime_not_exercised,Source inventoried and compiled; this exact runtime state was not exercised.
macos/Sources/Atrium/Views/SettingsView.swift:504,user,native application,rendered or emitted by the containing control or operation,Transcription language,None after audit.,Transcription language,blocked_runtime_not_exercised,Source inventoried and compiled; this exact runtime state was not exercised.
macos/Sources/Atrium/Views/SettingsView.swift:553,user,native application,rendered or emitted by the containing control or operation,Auto Summary,None after audit.,Auto Summary,blocked_runtime_not_exercised,Source inventoried and compiled; this exact runtime state was not exercised.
macos/Sources/Atrium/Views/SettingsView.swift:554,user,native application,rendered or emitted by the containing control or operation,Generate after a meeting stops,None after audit.,Generate after a meeting stops,blocked_runtime_not_exercised,Source inventoried and compiled; this exact runtime state was not exercised.
macos/Sources/Atrium/Views/SettingsView.swift:556,user,native application,rendered or emitted by the containing control or operation,Summary Language,None after audit.,Summary Language,blocked_runtime_not_exercised,Source inventoried and compiled; this exact runtime state was not exercised.
macos/Sources/Atrium/Views/SettingsView.swift:565,user,native application,rendered or emitted by the containing control or operation,Summary template,None after audit.,Summary template,blocked_runtime_not_exercised,Source inventoried and compiled; this exact runtime state was not exercised.
macos/Sources/Atrium/Views/SettingsView.swift:592,user,native application,rendered or emitted by the containing control or operation,API key,None after audit.,API key,blocked_runtime_not_exercised,Source inventoried and compiled; this exact runtime state was not exercised.
macos/Sources/Atrium/Views/SettingsView.swift:596,user,native application,rendered or emitted by the containing control or operation,Summaries and transcript excerpts you approve will leave this Mac.,None after audit.,Summaries and transcript excerpts you approve will leave this Mac.,blocked_runtime_not_exercised,Source inventoried and compiled; this exact runtime state was not exercised.
macos/Sources/Atrium/Views/SettingsView.swift:60,user,native application,rendered or emitted by the containing control or operation,Audio and transcription,None after audit.,Audio and transcription,blocked_runtime_not_exercised,Source inventoried and compiled; this exact runtime state was not exercised.
macos/Sources/Atrium/Views/SettingsView.swift:603,user,native application,rendered or emitted by the containing control or operation,Load Models,None after audit.,Load Models,blocked_runtime_not_exercised,Source inventoried and compiled; this exact runtime state was not exercised.
macos/Sources/Atrium/Views/SettingsView.swift:605,user,native application,rendered or emitted by the containing control or operation,Test Connection,None after audit.,Test Connection,blocked_runtime_not_exercised,Source inventoried and compiled; this exact runtime state was not exercised.
macos/Sources/Atrium/Views/SettingsView.swift:610,user,native application,rendered or emitted by the containing control or operation,Available model,None after audit.,Available model,blocked_runtime_not_exercised,Source inventoried and compiled; this exact runtime state was not exercised.
macos/Sources/Atrium/Views/SettingsView.swift:617,user,native application,rendered or emitted by the containing control or operation,Model to pull,None after audit.,Model to pull,blocked_runtime_not_exercised,Source inventoried and compiled; this exact runtime state was not exercised.
macos/Sources/Atrium/Views/SettingsView.swift:626,user,native application,rendered or emitted by the containing control or operation,Delete Selected Model,None after audit.,Delete Selected Model,blocked_runtime_not_exercised,Source inventoried and compiled; this exact runtime state was not exercised.
macos/Sources/Atrium/Views/SettingsView.swift:636,user,native application,rendered or emitted by the containing control or operation,Save model settings,None after audit.,Save model settings,blocked_runtime_not_exercised,Source inventoried and compiled; this exact runtime state was not exercised.
macos/Sources/Atrium/Views/SettingsView.swift:644,user,native application,rendered or emitted by the containing control or operation,Model settings saved,None after audit.,Model settings saved,blocked_runtime_not_exercised,Source inventoried and compiled; this exact runtime state was not exercised.
macos/Sources/Atrium/Views/SettingsView.swift:647,user,native application,rendered or emitted by the containing control or operation,Atrium could not save the model settings. Check the values and try again.,None after audit.,Atrium could not save the model settings. Check the values and try again.,blocked_runtime_not_exercised,Source inventoried and compiled; this exact runtime state was not exercised.
macos/Sources/Atrium/Views/SettingsView.swift:653,user,native application,rendered or emitted by the containing control or operation,Model settings saved,None after audit.,Model settings saved,blocked_runtime_not_exercised,Source inventoried and compiled; this exact runtime state was not exercised.
macos/Sources/Atrium/Views/SettingsView.swift:666,user,native application,rendered or emitted by the containing control or operation,Delete model,None after audit.,Delete model,blocked_runtime_not_exercised,Source inventoried and compiled; this exact runtime state was not exercised.
macos/Sources/Atrium/Views/SettingsView.swift:684,user,native application,rendered or emitted by the containing control or operation,).,None after audit.,).,blocked_runtime_not_exercised,Source inventoried and compiled; this exact runtime state was not exercised.
macos/Sources/Atrium/Views/SettingsView.swift:687,user,native application,rendered or emitted by the containing control or operation,Atrium could not load models. Check the service address and try again.,None after audit.,Atrium could not load models. Check the service address and try again.,blocked_runtime_not_exercised,Source inventoried and compiled; this exact runtime state was not exercised.
macos/Sources/Atrium/Views/SettingsView.swift:694,user,native application,rendered or emitted by the containing control or operation,Connection succeeded.,None after audit.,Connection succeeded.,blocked_runtime_not_exercised,Source inventoried and compiled; this exact runtime state was not exercised.
macos/Sources/Atrium/Views/SettingsView.swift:708,user,native application,rendered or emitted by the containing control or operation,Downloaded \(name).,None after audit.,Downloaded \(name).,blocked_runtime_not_exercised,Source inventoried and compiled; this exact runtime state was not exercised.
macos/Sources/Atrium/Views/SettingsView.swift:71,user,native application,rendered or emitted by the containing control or operation,Speech Recognition,None after audit.,Speech Recognition,blocked_runtime_not_exercised,Source inventoried and compiled; this exact runtime state was not exercised.
macos/Sources/Atrium/Views/SettingsView.swift:711,user,native application,rendered or emitted by the containing control or operation,Atrium could not download the model. Check the service address and try again.,None after audit.,Atrium could not download the model. Check the service address and try again.,blocked_runtime_not_exercised,Source inventoried and compiled; this exact runtime state was not exercised.
macos/Sources/Atrium/Views/SettingsView.swift:727,user,native application,rendered or emitted by the containing control or operation,Deleted \(name).,None after audit.,Deleted \(name).,blocked_runtime_not_exercised,Source inventoried and compiled; this exact runtime state was not exercised.
macos/Sources/Atrium/Views/SettingsView.swift:730,user,native application,rendered or emitted by the containing control or operation,Atrium could not delete the model. Check the service address and try again.,None after audit.,Atrium could not delete the model. Check the service address and try again.,blocked_runtime_not_exercised,Source inventoried and compiled; this exact runtime state was not exercised.
macos/Sources/Atrium/Views/SettingsView.swift:747,user,native application,rendered or emitted by the containing control or operation,Version \(AppVersion.current),None after audit.,Version \(AppVersion.current),blocked_runtime_not_exercised,Source inventoried and compiled; this exact runtime state was not exercised.
macos/Sources/Atrium/Views/SettingsView.swift:749,user,native application,rendered or emitted by the containing control or operation,A private meeting assistant that keeps your data on this Mac.,None after audit.,A private meeting assistant that keeps your data on this Mac.,blocked_runtime_not_exercised,Source inventoried and compiled; this exact runtime state was not exercised.
macos/Sources/Atrium/Views/SettingsView.swift:773,user,native application,rendered or emitted by the containing control or operation,Meeting data,None after audit.,Meeting data,blocked_runtime_not_exercised,Source inventoried and compiled; this exact runtime state was not exercised.
macos/Sources/Atrium/Views/SettingsView.swift:773,user,native application,rendered or emitted by the containing control or operation,Stored on this Mac,None after audit.,Stored on this Mac,blocked_runtime_not_exercised,Source inventoried and compiled; this exact runtime state was not exercised.
macos/Sources/Atrium/Views/SettingsView.swift:81,user,native application,rendered or emitted by the containing control or operation,Screen Recording,None after audit.,Screen Recording,blocked_runtime_not_exercised,Source inventoried and compiled; this exact runtime state was not exercised.
macos/Sources/Atrium/Views/SettingsView.swift:88,user,native application,rendered or emitted by the containing control or operation,System integration,None after audit.,System integration,blocked_runtime_not_exercised,Source inventoried and compiled; this exact runtime state was not exercised.
macos/Sources/Atrium/Views/SidebarProfileView.swift:100,user,native application,rendered or emitted by the containing control or operation,Private workspace,None after audit.,Private workspace,blocked_runtime_not_exercised,Source inventoried and compiled; this exact runtime state was not exercised.
macos/Sources/Atrium/Views/SidebarProfileView.swift:37,user,native application,rendered or emitted by the containing control or operation,Switch to \(nextTheme.title) theme,None after audit.,Switch to \(nextTheme.title) theme,blocked_runtime_not_exercised,Source inventoried and compiled; this exact runtime state was not exercised.
macos/Sources/Atrium/Views/SidebarProfileView.swift:43,user,native application,rendered or emitted by the containing control or operation,Switch to \(nextTheme.title) theme,None after audit.,Switch to \(nextTheme.title) theme,blocked_runtime_not_exercised,Source inventoried and compiled; this exact runtime state was not exercised.
macos/Sources/Atrium/Views/SidebarProfileView.swift:46,user,native application,rendered or emitted by the containing control or operation,Open Settings,None after audit.,Open Settings,blocked_runtime_not_exercised,Source inventoried and compiled; this exact runtime state was not exercised.
macos/Sources/Atrium/Views/SidebarProfileView.swift:50,user,native application,rendered or emitted by the containing control or operation,Open Settings,None after audit.,Open Settings,blocked_runtime_not_exercised,Source inventoried and compiled; this exact runtime state was not exercised.
macos/Sources/Atrium/Views/SidebarProfileView.swift:92,user,native application,rendered or emitted by the containing control or operation,@\(githubLogin),None after audit.,@\(githubLogin),blocked_runtime_not_exercised,Source inventoried and compiled; this exact runtime state was not exercised.
macos/Sources/Atrium/Views/SidebarProfileView.swift:93,user,native application,rendered or emitted by the containing control or operation,Local user,None after audit.,Local user,blocked_runtime_not_exercised,Source inventoried and compiled; this exact runtime state was not exercised.
macos/Sources/Atrium/Views/SidebarProfileView.swift:99,user,native application,rendered or emitted by the containing control or operation,@\(githubLogin),None after audit.,@\(githubLogin),blocked_runtime_not_exercised,Source inventoried and compiled; this exact runtime state was not exercised.
macos/Sources/Atrium/Views/SidebarProfileView.swift:99,user,native application,rendered or emitted by the containing control or operation,@\(githubLogin),None after audit.,@\(githubLogin),blocked_runtime_not_exercised,Source inventoried and compiled; this exact runtime state was not exercised.
macos/Sources/Atrium/Views/SidebarView.swift,user,sidebar,sidebar opens,Local | Local-first workspace | Search meeting content | Native Swift · v<version>,Product and implementation jargon crossed into the narrative chamber.,On this Mac | Private workspace on this Mac | Search meetings | Version <version>,verified,Replacement present in source; warnings-as-errors suite passed. Default Home and Ask insufficient-evidence states were inspected in the native app where applicable.
macos/Sources/Atrium/Views/SidebarView.swift:109,user,native application,rendered or emitted by the containing control or operation,"Company Hub, shared with the team",None after audit.,"Company Hub, shared with the team",verified,Observed in the rebuilt native Home interface and compiled by the full test suite.
macos/Sources/Atrium/Views/SidebarView.swift:112,user,native application,rendered or emitted by the containing control or operation,Recent Meetings,None after audit.,Recent Meetings,verified,Observed in the rebuilt native Home interface and compiled by the full test suite.
macos/Sources/Atrium/Views/SidebarView.swift:136,user,native application,rendered or emitted by the containing control or operation,Search meetings,None after audit.,Search meetings,verified,Observed in the rebuilt native Home interface and compiled by the full test suite.
macos/Sources/Atrium/Views/SidebarView.swift:33,user,native application,rendered or emitted by the containing control or operation,Delete meeting,None after audit.,Delete meeting,verified,Observed in the rebuilt native Home interface and compiled by the full test suite.
macos/Sources/Atrium/Views/SidebarView.swift:41,user,native application,rendered or emitted by the containing control or operation,"This removes the meeting, transcript, summary, notes, and speaker names from Atrium. Recording files remain on this Mac.",None after audit.,"This removes the meeting, transcript, summary, notes, and speaker names from Atrium. Recording files remain on this Mac.",verified,Observed in the rebuilt native Home interface and compiled by the full test suite.
macos/Sources/Atrium/Views/SidebarView.swift:56,user,native application,rendered or emitted by the containing control or operation,On this Mac,None after audit.,On this Mac,verified,Observed in the rebuilt native Home interface and compiled by the full test suite.
macos/Sources/Atrium/Views/SidebarView.swift:58,user,native application,rendered or emitted by the containing control or operation,Private workspace on this Mac,None after audit.,Private workspace on this Mac,verified,Observed in the rebuilt native Home interface and compiled by the full test suite.
macos/Sources/Atrium/Views/SidebarView.swift:74,user,native application,rendered or emitted by the containing control or operation,Ask Atrium,None after audit.,Ask Atrium,verified,Observed in the rebuilt native Home interface and compiled by the full test suite.
macos/Sources/Atrium/Views/SidebarView.swift:78,user,native application,rendered or emitted by the containing control or operation,Meeting Notes,None after audit.,Meeting Notes,verified,Observed in the rebuilt native Home interface and compiled by the full test suite.
macos/Sources/Atrium/Views/SidebarView.swift:88,user,native application,rendered or emitted by the containing control or operation,Shared Context,None after audit.,Shared Context,verified,Observed in the rebuilt native Home interface and compiled by the full test suite.
macos/Sources/Atrium/Views/SidebarView.swift:99,user,native application,rendered or emitted by the containing control or operation,Company Hub,None after audit.,Company Hub,verified,Observed in the rebuilt native Home interface and compiled by the full test suite.
macos/Sources/Atrium/Views/UpdateBanner.swift:29,user,native application,rendered or emitted by the containing control or operation,Atrium update,None after audit.,Atrium update,blocked_runtime_not_exercised,Source inventoried and compiled; this exact runtime state was not exercised.
macos/Sources/Atrium/Views/UpdateBanner.swift:30,user,native application,rendered or emitted by the containing control or operation,Atrium \(version) is available,None after audit.,Atrium \(version) is available,blocked_runtime_not_exercised,Source inventoried and compiled; this exact runtime state was not exercised.
macos/Sources/Atrium/Views/UpdateBanner.swift:45,user,native application,rendered or emitted by the containing control or operation,Installing Atrium update,None after audit.,Installing Atrium update,blocked_runtime_not_exercised,Source inventoried and compiled; this exact runtime state was not exercised.
macos/Sources/Atrium/Views/UpdateBanner.swift:53,user,native application,rendered or emitted by the containing control or operation,Install Atrium \(version),None after audit.,Install Atrium \(version),blocked_runtime_not_exercised,Source inventoried and compiled; this exact runtime state was not exercised.
macos/Sources/AtriumCore/Models/AIConfiguration.swift:17,user,native application,rendered or emitted by the containing control or operation,Apple Intelligence,None after audit.,Apple Intelligence,blocked_runtime_not_exercised,Source inventoried and compiled; this exact runtime state was not exercised.
macos/Sources/AtriumCore/Models/AIConfiguration.swift:77,user,native application,rendered or emitted by the containing control or operation,qwen3.5:4b,None after audit.,qwen3.5:4b,blocked_runtime_not_exercised,Source inventoried and compiled; this exact runtime state was not exercised.
macos/Sources/AtriumCore/Models/CompanyHub.swift:130,user,native application,rendered or emitted by the containing control or operation,Agent note,None after audit.,Agent note,blocked_runtime_not_exercised,Source inventoried and compiled; this exact runtime state was not exercised.
macos/Sources/AtriumCore/Models/CompanyHub.swift:158,user,native application,rendered or emitted by the containing control or operation,Agent output,None after audit.,Agent output,blocked_runtime_not_exercised,Source inventoried and compiled; this exact runtime state was not exercised.
macos/Sources/AtriumCore/Models/SummaryTemplate.swift:14,user,native application,rendered or emitted by the containing control or operation,Standard meeting,None after audit.,Standard meeting,blocked_runtime_not_exercised,Source inventoried and compiled; this exact runtime state was not exercised.
macos/Sources/AtriumCore/Models/SummaryTemplate.swift:15,user,native application,rendered or emitted by the containing control or operation,Daily standup,None after audit.,Daily standup,blocked_runtime_not_exercised,Source inventoried and compiled; this exact runtime state was not exercised.
macos/Sources/AtriumCore/Models/SummaryTemplate.swift:16,user,native application,rendered or emitted by the containing control or operation,Project sync,None after audit.,Project sync,blocked_runtime_not_exercised,Source inventoried and compiled; this exact runtime state was not exercised.
macos/Sources/AtriumCore/Models/SummaryTemplate.swift:18,user,native application,rendered or emitted by the containing control or operation,Client or sales call,None after audit.,Client or sales call,blocked_runtime_not_exercised,Source inventoried and compiled; this exact runtime state was not exercised.
macos/Sources/AtriumCore/Models/WorkspaceSelection.swift:28,user,native application,rendered or emitted by the containing control or operation,First Motive,None after audit.,First Motive,blocked_runtime_not_exercised,Source inventoried and compiled; this exact runtime state was not exercised.
macos/Sources/AtriumCore/Services/GitHubReleaseUpdater.swift:93-170,developer,diagnostic log or stream,update command or rollback fails,Captured command reason is discarded by the UI mapper,"No operation, exit code, error type, version, or rollback result is recorded.","update_download|mount|stage|backup|install|verify with outcome, error_type, safe cause, target version, and rollback outcome",blocked_missing_instrumentation,Source and real command behavior inspected; listed blocker prevents full output verification.
macos/Sources/AtriumCore/Services/LanguageProviderService.swift,user,AI service error,remote generation fails,HTTP <code>: <raw response body>,Raw transport and response content could leak identifiers or sensitive provider detail.,The AI service could not complete the request. Check its settings and try again.,verified,Replacement present in source; warnings-as-errors suite passed. Default Home and Ask insufficient-evidence states were inspected in the native app where applicable.
macos/Sources/AtriumCore/Services/LocalIntelligenceService.swift:260,user,native application,rendered or emitted by the containing control or operation,[\(segment.timestamp)] \(speaker)\(segment.text),None after audit.,[\(segment.timestamp)] \(speaker)\(segment.text),blocked_runtime_not_exercised,Source inventoried and compiled; this exact runtime state was not exercised.
macos/Sources/AtriumCore/Services/LocalIntelligenceService.swift:85,user,Ask metadata,answer API called directly with empty evidence,local · evidence-only,No current AppStore route reaches this rendered state.,Generated from meeting evidence,blocked_unreachable,AppStore stops at insufficient evidence before answer generation; not marked verified.
macos/Sources/AtriumCore/Services/MeetingSummaryPreferenceStore.swift:15,user,native application,rendered or emitted by the containing control or operation,Traditional Chinese,None after audit.,Traditional Chinese,blocked_runtime_not_exercised,Source inventoried and compiled; this exact runtime state was not exercised.
macos/Sources/AtriumCore/Services/NotificationService.swift:61,user,native application,rendered or emitted by the containing control or operation,Atrium notifications are working,None after audit.,Atrium notifications are working,blocked_runtime_not_exercised,Source inventoried and compiled; this exact runtime state was not exercised.
macos/Sources/AtriumCore/Services/NotificationService.swift:62,user,native application,rendered or emitted by the containing control or operation,Recording and transcription updates can appear here.,None after audit.,Recording and transcription updates can appear here.,blocked_runtime_not_exercised,Source inventoried and compiled; this exact runtime state was not exercised.
macos/Sources/AtriumCore/Services/ProviderModelService.swift,user,model settings error,model request fails,HTTP <code>: <raw response body>,Raw transport and response content crossed into settings.,The AI service could not load models. Check its settings and try again.,verified,Replacement present in source; warnings-as-errors suite passed. Default Home and Ask insufficient-evidence states were inspected in the native app where applicable.
macos/Sources/AtriumCore/Services/VoiceClusterService.swift:69,user,native application,rendered or emitted by the containing control or operation,Speaker \(best.0 + 1),None after audit.,Speaker \(best.0 + 1),blocked_runtime_not_exercised,Source inventoried and compiled; this exact runtime state was not exercised.
macos/Sources/AtriumCore/Services/VoiceClusterService.swift:73,user,native application,rendered or emitted by the containing control or operation,Speaker \(centroids.count),None after audit.,Speaker \(centroids.count),blocked_runtime_not_exercised,Source inventoried and compiled; this exact runtime state was not exercised.
macos/Sources/AtriumCore/Stores/AppStore.swift,developer,diagnostic log or stream,"Ask, recording, import, transcription, summary, playback, or local-data failure",Structured operation/outcome/error_type/cause/context events,None after rewrite; cause and context use private privacy annotations.,unchanged,verified_source,Source inspected and warnings-as-errors suite passed.
macos/Sources/AtriumCore/Stores/AppStore.swift,user,error banners and notifications,"record, import, transcribe, summarize, play, or Ask fails",error.localizedDescription and duplicated notification bodies,"Raw framework, database, provider, path, or identifier detail could reach people; notification bodies repeated headings.",Operation-specific recovery copy; private raw cause in structured diagnostic logs; non-duplicated notification body,verified,Replacement present in source; warnings-as-errors suite passed. Default Home and Ask insufficient-evidence states were inspected in the native app where applicable.
macos/Sources/AtriumCore/Stores/AppStore.swift:1136,user,native application,rendered or emitted by the containing control or operation,Atrium could not complete the action,None after audit.,Atrium could not complete the action,blocked_runtime_not_exercised,Source inventoried and compiled; this exact runtime state was not exercised.
macos/Sources/AtriumCore/Stores/AppStore.swift:195,user,native application,rendered or emitted by the containing control or operation,New meeting,None after audit.,New meeting,blocked_runtime_not_exercised,Source inventoried and compiled; this exact runtime state was not exercised.
macos/Sources/AtriumCore/Stores/AppStore.swift:527,user,native application,rendered or emitted by the containing control or operation,Atrium could not find an audio file for this meeting.,None after audit.,Atrium could not find an audio file for this meeting.,blocked_runtime_not_exercised,Source inventoried and compiled; this exact runtime state was not exercised.
macos/Sources/AtriumCore/Stores/AppStore.swift:655,user,native application,rendered or emitted by the containing control or operation,New meeting,None after audit.,New meeting,blocked_runtime_not_exercised,Source inventoried and compiled; this exact runtime state was not exercised.
macos/Sources/AtriumCore/Stores/AppStore.swift:722,user,native application,rendered or emitted by the containing control or operation,Recording started,None after audit.,Recording started,blocked_runtime_not_exercised,Source inventoried and compiled; this exact runtime state was not exercised.
macos/Sources/AtriumCore/Stores/AppStore.swift:756,user,native application,rendered or emitted by the containing control or operation,Recording paused,None after audit.,Recording paused,blocked_runtime_not_exercised,Source inventoried and compiled; this exact runtime state was not exercised.
macos/Sources/AtriumCore/Stores/AppStore.swift:757,user,native application,rendered or emitted by the containing control or operation,Resume when you are ready.,None after audit.,Resume when you are ready.,blocked_runtime_not_exercised,Source inventoried and compiled; this exact runtime state was not exercised.
macos/Sources/AtriumCore/Stores/AppStore.swift:771,user,native application,rendered or emitted by the containing control or operation,Recording resumed,None after audit.,Recording resumed,blocked_runtime_not_exercised,Source inventoried and compiled; this exact runtime state was not exercised.
macos/Sources/AtriumCore/Stores/AppStore.swift:772,user,native application,rendered or emitted by the containing control or operation,The meeting recording is active.,None after audit.,The meeting recording is active.,blocked_runtime_not_exercised,Source inventoried and compiled; this exact runtime state was not exercised.
macos/Sources/AtriumCore/Stores/AppStore.swift:806,user,native application,rendered or emitted by the containing control or operation,Recording saved,None after audit.,Recording saved,blocked_runtime_not_exercised,Source inventoried and compiled; this exact runtime state was not exercised.
macos/Sources/AtriumCore/Stores/AppStore.swift:807,user,native application,rendered or emitted by the containing control or operation,Atrium is preparing the transcript.,None after audit.,Atrium is preparing the transcript.,blocked_runtime_not_exercised,Source inventoried and compiled; this exact runtime state was not exercised.
macos/Sources/AtriumCore/Stores/AppStore.swift:857,user,native application,rendered or emitted by the containing control or operation,Transcript ready,None after audit.,Transcript ready,blocked_runtime_not_exercised,Source inventoried and compiled; this exact runtime state was not exercised.
macos/Sources/AtriumCore/Stores/AppStore.swift:858,user,native application,rendered or emitted by the containing control or operation,Open the meeting to review it.,None after audit.,Open the meeting to review it.,blocked_runtime_not_exercised,Source inventoried and compiled; this exact runtime state was not exercised.
macos/Sources/AtriumCore/Stores/AppStore.swift:942,user,native application,rendered or emitted by the containing control or operation,Imported transcript ready,None after audit.,Imported transcript ready,blocked_runtime_not_exercised,Source inventoried and compiled; this exact runtime state was not exercised.
macos/Sources/AtriumCore/Support/DiagnosticLogger.swift,developer,Apple unified log,failure diagnostic event,operation=<name> outcome=<state> error_type=<type when failed> cause=<private> context=<private>,"None. Stable fields are preserved; cause and context are private; no content, secrets, or PII are intentionally logged.",unchanged,verified,Observed real output: operation=model_list outcome=failure error_type=NSURLError cause=<private> context=<private>.
macos/Sources/AtriumCore/Support/DiagnosticLogger.swift,developer,Apple unified log,partialFailure diagnostic event,operation=<name> outcome=<state> error_type=<type when failed> cause=<private> context=<private>,"None. Stable fields are preserved; cause and context are private; no content, secrets, or PII are intentionally logged.",unchanged,blocked_log_output_not_captured,Logger source compiled and calls were inventoried; this event type was not produced by the safe flows exercised during this audit.
macos/Sources/AtriumCore/Support/DiagnosticLogger.swift,developer,Apple unified log,success diagnostic event,operation=<name> outcome=<state> error_type=<type when failed> cause=<private> context=<private>,"None. Stable fields are preserved; cause and context are private; no content, secrets, or PII are intentionally logged.",unchanged,blocked_log_output_not_captured,Logger source compiled and calls were inventoried; this event type was not produced by the safe flows exercised during this audit.
macos/Sources/AtriumCore/Support/DiagnosticLogger.swift,developer,Apple unified log,started diagnostic event,operation=<name> outcome=<state> error_type=<type when failed> cause=<private> context=<private>,"None. Stable fields are preserved; cause and context are private; no content, secrets, or PII are intentionally logged.",unchanged,blocked_log_output_not_captured,Logger source compiled and calls were inventoried; this event type was not produced by the safe flows exercised during this audit.
repository scope,scope,exclusion,audit start,Git history; dist/; target/; .next/; Swift .build/; vendored/generated files; tests and fixtures that cannot reach runtime; docs not displayed by app or CLI,Not runtime communication.,Excluded,verified,Scope stated before editing and enforced by generator.
script/build_and_run.sh:121-128,developer,diagnostic log or stream,--logs and --telemetry,Apple unified-log stream,"The viewer is valid, but application coverage depends on explicit Atrium events.",Keep viewer and emit privacy-safe Atrium operation events.,verified,Source inspected and warnings-as-errors suite passed.
script/build_and_run.sh:174,user,maintainer CLI,rendered or emitted by the containing control or operation,$APP_NAME is running from $APP_BUNDLE.,None after audit.,$APP_NAME is running from $APP_BUNDLE.,blocked_runtime_not_exercised,Source inventoried and compiled; this exact runtime state was not exercised.
script/build_and_run.sh:179,user,maintainer CLI,rendered or emitted by the containing control or operation,$APP_NAME did not start within 10 seconds.,None after audit.,$APP_NAME did not start within 10 seconds.,blocked_runtime_not_exercised,Source inventoried and compiled; this exact runtime state was not exercised.
script/build_and_run.sh:213,user,maintainer CLI,rendered or emitted by the containing control or operation,Applied the installer window layout.,None after audit.,Applied the installer window layout.,blocked_runtime_not_exercised,Source inventoried and compiled; this exact runtime state was not exercised.
script/build_and_run.sh:215,user,maintainer CLI,rendered or emitted by the containing control or operation,Could not apply the installer window layout; shipping the plain disk image.,None after audit.,Could not apply the installer window layout; shipping the plain disk image.,blocked_runtime_not_exercised,Source inventoried and compiled; this exact runtime state was not exercised.
script/build_and_run.sh:231,user,maintainer CLI,rendered or emitted by the containing control or operation,Created $DMG_PATH and $STABLE_DMG_PATH.,None after audit.,Created $DMG_PATH and $STABLE_DMG_PATH.,blocked_runtime_not_exercised,Source inventoried and compiled; this exact runtime state was not exercised.
script/build_and_run.sh:33,user,maintainer CLI,rendered or emitted by the containing control or operation,usage: $0 [run|--debug|--logs|--telemetry|--verify|--package],None after audit.,usage: $0 [run|--debug|--logs|--telemetry|--verify|--package],blocked_runtime_not_exercised,Source inventoried and compiled; this exact runtime state was not exercised.
script/build_and_run.sh:48-159,developer,diagnostic log or stream,"build, sign, verify, package, debug, and log commands",Raw tool output or silence,"No stable operation, outcome, severity, or exit-code envelope around several commands.",operation=<step> outcome=<started|success|failure> exit_code=<code>; preserve raw tool output,blocked_user_owned_overlap,Source and real command behavior inspected; listed blocker prevents full output verification.
scripts/release.sh:102,user,maintainer CLI,rendered or emitted by the containing control or operation,Dry run complete. Would create $TAG with $VERSIONED_DMG and $STABLE_DMG.,None after audit.,Dry run complete. Would create $TAG with $VERSIONED_DMG and $STABLE_DMG.,blocked_runtime_not_exercised,Source inventoried and compiled; this exact runtime state was not exercised.
scripts/release.sh:106,user,maintainer CLI,rendered or emitted by the containing control or operation,Creating GitHub Release $TAG.,None after audit.,Creating GitHub Release $TAG.,blocked_runtime_not_exercised,Source inventoried and compiled; this exact runtime state was not exercised.
scripts/release.sh:115,user,maintainer CLI,rendered or emitted by the containing control or operation,Released Atrium $TAG.,None after audit.,Released Atrium $TAG.,blocked_runtime_not_exercised,Source inventoried and compiled; this exact runtime state was not exercised.
scripts/release.sh:15,user,maintainer CLI,rendered or emitted by the containing control or operation,usage: $0 <version> [--dry-run] [--force],None after audit.,usage: $0 <version> [--dry-run] [--force],blocked_runtime_not_exercised,Source inventoried and compiled; this exact runtime state was not exercised.
scripts/release.sh:19,user,maintainer CLI,rendered or emitted by the containing control or operation,Error: $*,None after audit.,Error: $*,blocked_runtime_not_exercised,Source inventoried and compiled; this exact runtime state was not exercised.
scripts/release.sh:31,user,maintainer CLI,rendered or emitted by the containing control or operation,Unknown option '$argument'.,None after audit.,Unknown option '$argument'.,blocked_runtime_not_exercised,Source inventoried and compiled; this exact runtime state was not exercised.
scripts/release.sh:33,user,maintainer CLI,rendered or emitted by the containing control or operation,$VERSION,None after audit.,$VERSION,blocked_runtime_not_exercised,Source inventoried and compiled; this exact runtime state was not exercised.
scripts/release.sh:33,user,maintainer CLI,rendered or emitted by the containing control or operation,Pass one version only.,None after audit.,Pass one version only.,blocked_runtime_not_exercised,Source inventoried and compiled; this exact runtime state was not exercised.
scripts/release.sh:39,user,maintainer CLI,rendered or emitted by the containing control or operation,$VERSION,None after audit.,$VERSION,blocked_runtime_not_exercised,Source inventoried and compiled; this exact runtime state was not exercised.
scripts/release.sh:39,user,maintainer CLI,rendered or emitted by the containing control or operation,Pass a version such as 0.6.0.,None after audit.,Pass a version such as 0.6.0.,blocked_runtime_not_exercised,Source inventoried and compiled; this exact runtime state was not exercised.
scripts/release.sh:41,user,maintainer CLI,rendered or emitted by the containing control or operation,Version must use stable semantic versioning without a leading v.,None after audit.,Version must use stable semantic versioning without a leading v.,blocked_runtime_not_exercised,Source inventoried and compiled; this exact runtime state was not exercised.
scripts/release.sh:48,user,maintainer CLI,rendered or emitted by the containing control or operation,GitHub CLI is required.,None after audit.,GitHub CLI is required.,blocked_runtime_not_exercised,Source inventoried and compiled; this exact runtime state was not exercised.
scripts/release.sh:48-115,developer,diagnostic log or stream,release preflight and publishing commands,"Raw git, codesign, hdiutil, and gh output; some failures suppressed",State-changing operations lack stable operation/outcome fields; suppressed causes make the last completed step unclear.,"Structured version_update, git_commit, git_push, signature_verify, dmg_verify, and release_create events",blocked_user_owned_overlap,Source and real command behavior inspected; listed blocker prevents full output verification.
scripts/release.sh:49,user,maintainer CLI,rendered or emitted by the containing control or operation,Sign in first with 'gh auth login'.,None after audit.,Sign in first with 'gh auth login'.,blocked_runtime_not_exercised,Source inventoried and compiled; this exact runtime state was not exercised.
scripts/release.sh:52,user,maintainer CLI,rendered or emitted by the containing control or operation,GitHub Release $TAG already exists.,None after audit.,GitHub Release $TAG already exists.,blocked_runtime_not_exercised,Source inventoried and compiled; this exact runtime state was not exercised.
scripts/release.sh:56,user,maintainer CLI,rendered or emitted by the containing control or operation,Local tag $TAG already exists.,None after audit.,Local tag $TAG already exists.,blocked_runtime_not_exercised,Source inventoried and compiled; this exact runtime state was not exercised.
scripts/release.sh:60,user,maintainer CLI,rendered or emitted by the containing control or operation,Remote tag $TAG already exists.,None after audit.,Remote tag $TAG already exists.,blocked_runtime_not_exercised,Source inventoried and compiled; this exact runtime state was not exercised.
scripts/release.sh:63,user,maintainer CLI,rendered or emitted by the containing control or operation,$remote_tag_status,None after audit.,$remote_tag_status,blocked_runtime_not_exercised,Source inventoried and compiled; this exact runtime state was not exercised.
scripts/release.sh:63,user,maintainer CLI,rendered or emitted by the containing control or operation,Could not check remote tags.,None after audit.,Could not check remote tags.,blocked_runtime_not_exercised,Source inventoried and compiled; this exact runtime state was not exercised.
scripts/release.sh:70,user,maintainer CLI,rendered or emitted by the containing control or operation,The worktree is not clean. Commit or stash changes first.,None after audit.,The worktree is not clean. Commit or stash changes first.,blocked_runtime_not_exercised,Source inventoried and compiled; this exact runtime state was not exercised.
scripts/release.sh:74,user,maintainer CLI,rendered or emitted by the containing control or operation,Releases must be cut from main.,None after audit.,Releases must be cut from main.,blocked_runtime_not_exercised,Source inventoried and compiled; this exact runtime state was not exercised.
scripts/release.sh:78,user,maintainer CLI,rendered or emitted by the containing control or operation,Preparing Atrium $TAG from ${CURRENT_BRANCH:-detached HEAD}.,None after audit.,Preparing Atrium $TAG from ${CURRENT_BRANCH:-detached HEAD}.,blocked_runtime_not_exercised,Source inventoried and compiled; this exact runtime state was not exercised.
scripts/release.sh:81,user,maintainer CLI,rendered or emitted by the containing control or operation,"Dry run: the version file, Git history, tag, and release will not change.",None after audit.,"Dry run: the version file, Git history, tag, and release will not change.",blocked_runtime_not_exercised,Source inventoried and compiled; this exact runtime state was not exercised.
scripts/release.sh:86,user,maintainer CLI,rendered or emitted by the containing control or operation,Could not update $VERSION_FILE.,None after audit.,Could not update $VERSION_FILE.,blocked_runtime_not_exercised,Source inventoried and compiled; this exact runtime state was not exercised.
scripts/release.sh:93,user,maintainer CLI,rendered or emitted by the containing control or operation,Building the release disk images.,None after audit.,Building the release disk images.,blocked_runtime_not_exercised,Source inventoried and compiled; this exact runtime state was not exercised.
scripts/release.sh:96,user,maintainer CLI,rendered or emitted by the containing control or operation,$VERSIONED_DMG,None after audit.,$VERSIONED_DMG,blocked_runtime_not_exercised,Source inventoried and compiled; this exact runtime state was not exercised.
scripts/release.sh:96,user,maintainer CLI,rendered or emitted by the containing control or operation,Expected $VERSIONED_DMG.,None after audit.,Expected $VERSIONED_DMG.,blocked_runtime_not_exercised,Source inventoried and compiled; this exact runtime state was not exercised.
scripts/release.sh:97,user,maintainer CLI,rendered or emitted by the containing control or operation,$STABLE_DMG,None after audit.,$STABLE_DMG,blocked_runtime_not_exercised,Source inventoried and compiled; this exact runtime state was not exercised.
scripts/release.sh:97,user,maintainer CLI,rendered or emitted by the containing control or operation,Expected $STABLE_DMG.,None after audit.,Expected $STABLE_DMG.,blocked_runtime_not_exercised,Source inventoried and compiled; this exact runtime state was not exercised.
scripts/update-local-macos.sh:100,user,maintainer CLI,rendered or emitted by the containing control or operation,installed_at=$(date -u +%Y-%m-%dT%H:%M:%SZ),None after audit.,installed_at=$(date -u +%Y-%m-%dT%H:%M:%SZ),blocked_runtime_not_exercised,Source inventoried and compiled; this exact runtime state was not exercised.
scripts/update-local-macos.sh:101,user,maintainer CLI,rendered or emitted by the containing control or operation,source=$ROOT_DIR,None after audit.,source=$ROOT_DIR,blocked_runtime_not_exercised,Source inventoried and compiled; this exact runtime state was not exercised.
scripts/update-local-macos.sh:109,user,maintainer CLI,rendered or emitted by the containing control or operation,Installed Atrium $VERSION from commit $SHORT_COMMIT.,None after audit.,Installed Atrium $VERSION from commit $SHORT_COMMIT.,blocked_runtime_not_exercised,Source inventoried and compiled; this exact runtime state was not exercised.
scripts/update-local-macos.sh:110,user,maintainer CLI,rendered or emitted by the containing control or operation,Receipt: $RECEIPT_FILE,None after audit.,Receipt: $RECEIPT_FILE,blocked_runtime_not_exercised,Source inventoried and compiled; this exact runtime state was not exercised.
scripts/update-local-macos.sh:111,user,maintainer CLI,rendered or emitted by the containing control or operation,Open it with: open -n '$INSTALL_APP',None after audit.,Open it with: open -n '$INSTALL_APP',blocked_runtime_not_exercised,Source inventoried and compiled; this exact runtime state was not exercised.
scripts/update-local-macos.sh:19,user,maintainer CLI,rendered or emitted by the containing control or operation,Error: $*,None after audit.,Error: $*,blocked_runtime_not_exercised,Source inventoried and compiled; this exact runtime state was not exercised.
scripts/update-local-macos.sh:24,user,maintainer CLI,rendered or emitted by the containing control or operation,$1,None after audit.,$1,blocked_runtime_not_exercised,Source inventoried and compiled; this exact runtime state was not exercised.
scripts/update-local-macos.sh:24,user,maintainer CLI,rendered or emitted by the containing control or operation,'$1' is required.,None after audit.,'$1' is required.,blocked_runtime_not_exercised,Source inventoried and compiled; this exact runtime state was not exercised.
scripts/update-local-macos.sh:27,user,maintainer CLI,rendered or emitted by the containing control or operation,$(uname -s),None after audit.,$(uname -s),blocked_runtime_not_exercised,Source inventoried and compiled; this exact runtime state was not exercised.
scripts/update-local-macos.sh:27,user,maintainer CLI,rendered or emitted by the containing control or operation,This updater is for macOS.,None after audit.,This updater is for macOS.,blocked_runtime_not_exercised,Source inventoried and compiled; this exact runtime state was not exercised.
scripts/update-local-macos.sh:34,user,maintainer CLI,rendered or emitted by the containing control or operation,Atrium is running. Quit it before updating so an active recording is not interrupted.,None after audit.,Atrium is running. Quit it before updating so an active recording is not interrupted.,blocked_runtime_not_exercised,Source inventoried and compiled; this exact runtime state was not exercised.
scripts/update-local-macos.sh:43,user,maintainer CLI,rendered or emitted by the containing control or operation,Atrium local updater,None after audit.,Atrium local updater,blocked_runtime_not_exercised,Source inventoried and compiled; this exact runtime state was not exercised.
scripts/update-local-macos.sh:44,user,maintainer CLI,rendered or emitted by the containing control or operation,  branch:  ${BRANCH:-detached HEAD},None after audit.,  branch:  ${BRANCH:-detached HEAD},blocked_runtime_not_exercised,Source inventoried and compiled; this exact runtime state was not exercised.
scripts/update-local-macos.sh:45,user,maintainer CLI,rendered or emitted by the containing control or operation,  commit:  $COMMIT,None after audit.,  commit:  $COMMIT,blocked_runtime_not_exercised,Source inventoried and compiled; this exact runtime state was not exercised.
scripts/update-local-macos.sh:46,user,maintainer CLI,rendered or emitted by the containing control or operation,  version: $VERSION,None after audit.,  version: $VERSION,blocked_runtime_not_exercised,Source inventoried and compiled; this exact runtime state was not exercised.
scripts/update-local-macos.sh:50,user,maintainer CLI,rendered or emitted by the containing control or operation,Working tree changes will be included in this local build:,None after audit.,Working tree changes will be included in this local build:,blocked_runtime_not_exercised,Source inventoried and compiled; this exact runtime state was not exercised.
scripts/update-local-macos.sh:51,user,maintainer CLI,rendered or emitted by the containing control or operation,$WORKTREE_STATUS,None after audit.,$WORKTREE_STATUS,blocked_runtime_not_exercised,Source inventoried and compiled; this exact runtime state was not exercised.
scripts/update-local-macos.sh:57,user,maintainer CLI,rendered or emitted by the containing control or operation,Building the current checkout...,None after audit.,Building the current checkout...,blocked_runtime_not_exercised,Source inventoried and compiled; this exact runtime state was not exercised.
scripts/update-local-macos.sh:58-105,developer,diagnostic log or stream,"local build, install, receipt, and registration",Raw child output plus key=value receipt,The receipt contains an absolute source path with a username; ignored rollback or registration status can make confirmation misleading.,Keep key=value; add outcome and target; remove personal source path; verify rollback and registration before confirmation.,blocked_user_owned_overlap,Source and real command behavior inspected; listed blocker prevents full output verification.
scripts/update-local-macos.sh:60,user,maintainer CLI,rendered or emitted by the containing control or operation,$BUILD_APP,None after audit.,$BUILD_APP,blocked_runtime_not_exercised,Source inventoried and compiled; this exact runtime state was not exercised.
scripts/update-local-macos.sh:60,user,maintainer CLI,rendered or emitted by the containing control or operation,The build did not produce $BUILD_APP.,None after audit.,The build did not produce $BUILD_APP.,blocked_runtime_not_exercised,Source inventoried and compiled; this exact runtime state was not exercised.
scripts/update-local-macos.sh:63,user,maintainer CLI,rendered or emitted by the containing control or operation,$BUILD_BINARY,None after audit.,$BUILD_BINARY,blocked_runtime_not_exercised,Source inventoried and compiled; this exact runtime state was not exercised.
scripts/update-local-macos.sh:63,user,maintainer CLI,rendered or emitted by the containing control or operation,The build did not produce a main executable in $BUILD_APP.,None after audit.,The build did not produce a main executable in $BUILD_APP.,blocked_runtime_not_exercised,Source inventoried and compiled; this exact runtime state was not exercised.
scripts/update-local-macos.sh:66,user,maintainer CLI,rendered or emitted by the containing control or operation,The app artifact is older than this build attempt.,None after audit.,The app artifact is older than this build attempt.,blocked_runtime_not_exercised,Source inventoried and compiled; this exact runtime state was not exercised.
scripts/update-local-macos.sh:69,user,maintainer CLI,rendered or emitted by the containing control or operation,Installing $BUILD_APP,None after audit.,Installing $BUILD_APP,blocked_runtime_not_exercised,Source inventoried and compiled; this exact runtime state was not exercised.
scripts/update-local-macos.sh:79,user,maintainer CLI,rendered or emitted by the containing control or operation,Could not move the new app into /Applications.,None after audit.,Could not move the new app into /Applications.,blocked_runtime_not_exercised,Source inventoried and compiled; this exact runtime state was not exercised.
scripts/update-local-macos.sh:85,user,maintainer CLI,rendered or emitted by the containing control or operation,The installed app failed code-signature verification. The previous app was restored.,None after audit.,The installed app failed code-signature verification. The previous app was restored.,blocked_runtime_not_exercised,Source inventoried and compiled; this exact runtime state was not exercised.
scripts/update-local-macos.sh:92,user,maintainer CLI,rendered or emitted by the containing control or operation,$INSTALLED_NAME,None after audit.,$INSTALLED_NAME,blocked_runtime_not_exercised,Source inventoried and compiled; this exact runtime state was not exercised.
scripts/update-local-macos.sh:92,user,maintainer CLI,rendered or emitted by the containing control or operation,"Installed app name is '$INSTALLED_NAME', not 'Atrium'.",None after audit.,"Installed app name is '$INSTALLED_NAME', not 'Atrium'.",blocked_runtime_not_exercised,Source inventoried and compiled; this exact runtime state was not exercised.
scripts/update-local-macos.sh:93,user,maintainer CLI,rendered or emitted by the containing control or operation,$INSTALLED_VERSION,None after audit.,$INSTALLED_VERSION,blocked_runtime_not_exercised,Source inventoried and compiled; this exact runtime state was not exercised.
scripts/update-local-macos.sh:93,user,maintainer CLI,rendered or emitted by the containing control or operation,$VERSION,None after audit.,$VERSION,blocked_runtime_not_exercised,Source inventoried and compiled; this exact runtime state was not exercised.
scripts/update-local-macos.sh:93,user,maintainer CLI,rendered or emitted by the containing control or operation,"Installed version is '$INSTALLED_VERSION', expected '$VERSION'.",None after audit.,"Installed version is '$INSTALLED_VERSION', expected '$VERSION'.",blocked_runtime_not_exercised,Source inventoried and compiled; this exact runtime state was not exercised.
scripts/update-local-macos.sh:97,user,maintainer CLI,rendered or emitted by the containing control or operation,commit=$COMMIT,None after audit.,commit=$COMMIT,blocked_runtime_not_exercised,Source inventoried and compiled; this exact runtime state was not exercised.
scripts/update-local-macos.sh:98,user,maintainer CLI,rendered or emitted by the containing control or operation,branch=$BRANCH,None after audit.,branch=$BRANCH,blocked_runtime_not_exercised,Source inventoried and compiled; this exact runtime state was not exercised.
scripts/update-local-macos.sh:99,user,maintainer CLI,rendered or emitted by the containing control or operation,version=$VERSION,None after audit.,version=$VERSION,blocked_runtime_not_exercised,Source inventoried and compiled; this exact runtime state was not exercised.
